year,max_game_date,rn,x_numer,x_denom,xwoba,player_name,player_id,league_avg_xwoba,rn_fwd
2026,2026-05-02 19:00:00 CDT,1,28.102866,100,0.28102866,Sal Frelick,686217,0.3123291139240506,1
2026,2026-05-02 19:00:00 CDT,2,28.064866,100,0.28064866,Sal Frelick,686217,0.3123291139240506,2
2026,2026-05-02 19:00:00 CDT,3,27.583412,100,0.27583412,Sal Frelick,686217,0.3123291139240506,3
2026,2026-05-01 19:00:00 CDT,4,28.118412,100,0.28118412,Sal Frelick,686217,0.3123291139240506,4
2026,2026-05-01 19:00:00 CDT,5,28.375866,100,0.28375866,Sal Frelick,686217,0.3123291139240506,5
2026,2026-05-01 19:00:00 CDT,6,28.299866,100,0.28299866,Sal Frelick,686217,0.3123291139240506,6
2026,2026-05-01 19:00:00 CDT,7,28.702866,100,0.28702866,Sal Frelick,686217,0.3123291139240506,7
2026,2026-04-30 19:00:00 CDT,8,29.059320,100,0.2905932,Sal Frelick,686217,0.3123291139240506,8
2026,2026-04-30 19:00:00 CDT,9,29.287320,100,0.2928732,Sal Frelick,686217,0.3123291139240506,9
2026,2026-04-30 19:00:00 CDT,10,29.058320,100,0.2905832,Sal Frelick,686217,0.3123291139240506,10
2026,2026-04-30 19:00:00 CDT,11,28.500320,100,0.2850032,Sal Frelick,686217,0.3123291139240506,11
2026,2026-04-30 19:00:00 CDT,12,28.246320,100,0.2824632,Sal Frelick,686217,0.3123291139240506,12
2026,2026-04-29 19:00:00 CDT,13,28.011320,100,0.2801132,Sal Frelick,686217,0.3123291139240506,13
2026,2026-04-29 19:00:00 CDT,14,28.303320,100,0.2830332,Sal Frelick,686217,0.3123291139240506,14
2026,2026-04-29 19:00:00 CDT,15,27.681774,100,0.27681774,Sal Frelick,686217,0.3123291139240506,15
2026,2026-04-29 19:00:00 CDT,16,29.248774,100,0.29248774,Sal Frelick,686217,0.3123291139240506,16
2026,2026-04-29 19:00:00 CDT,17,28.952774,100,0.28952774,Sal Frelick,686217,0.3123291139240506,17
2026,2026-04-28 19:00:00 CDT,18,29.434228,100,0.29434228,Sal Frelick,686217,0.3123291139240506,18
2026,2026-04-28 19:00:00 CDT,19,29.405228,100,0.29405228,Sal Frelick,686217,0.3123291139240506,19
2026,2026-04-27 19:00:00 CDT,20,29.515228,100,0.29515228,Sal Frelick,686217,0.3123291139240506,20
2026,2026-04-27 19:00:00 CDT,21,29.297228,100,0.29297228,Sal Frelick,686217,0.3123291139240506,21
2026,2026-04-27 19:00:00 CDT,22,28.597774,100,0.28597774,Sal Frelick,686217,0.3123291139240506,22
2026,2026-04-25 19:00:00 CDT,23,27.174774,100,0.27174774,Sal Frelick,686217,0.3123291139240506,23
2026,2026-04-25 19:00:00 CDT,24,27.028774,100,0.27028774,Sal Frelick,686217,0.3123291139240506,24
2026,2026-04-25 19:00:00 CDT,25,27.028774,100,0.27028774,Sal Frelick,686217,0.3123291139240506,25
2026,2026-04-24 19:00:00 CDT,26,26.731774,100,0.26731774,Sal Frelick,686217,0.3123291139240506,26
2026,2026-04-24 19:00:00 CDT,27,27.091774,100,0.27091774,Sal Frelick,686217,0.3123291139240506,27
2026,2026-04-24 19:00:00 CDT,28,27.334774,100,0.27334774,Sal Frelick,686217,0.3123291139240506,28
2026,2026-04-23 19:00:00 CDT,29,26.678320,100,0.2667832,Sal Frelick,686217,0.3123291139240506,29
2026,2026-04-23 19:00:00 CDT,30,26.265320,100,0.2626532,Sal Frelick,686217,0.3123291139240506,30
2026,2026-04-22 19:00:00 CDT,31,26.065320,100,0.2606532,Sal Frelick,686217,0.3123291139240506,31
2026,2026-04-21 19:00:00 CDT,32,25.724320,100,0.2572432,Sal Frelick,686217,0.3123291139240506,32
2026,2026-04-21 19:00:00 CDT,33,25.604320,100,0.2560432,Sal Frelick,686217,0.3123291139240506,33
2026,2026-04-21 19:00:00 CDT,34,26.188817,100,0.26188817,Sal Frelick,686217,0.3123291139240506,34
2026,2026-04-21 19:00:00 CDT,35,25.808817,100,0.25808817,Sal Frelick,686217,0.3123291139240506,35
2026,2026-04-20 19:00:00 CDT,36,25.770817,100,0.25770817,Sal Frelick,686217,0.3123291139240506,36
2026,2026-04-20 19:00:00 CDT,37,25.062363,100,0.25062363,Sal Frelick,686217,0.3123291139240506,37
2026,2026-04-20 19:00:00 CDT,38,25.576363,100,0.25576363,Sal Frelick,686217,0.3123291139240506,38
2026,2026-04-20 19:00:00 CDT,39,25.571363,100,0.25571363,Sal Frelick,686217,0.3123291139240506,39
2026,2026-04-18 19:00:00 CDT,40,25.440363,100,0.25440363,Sal Frelick,686217,0.3123291139240506,40
2026,2026-04-17 19:00:00 CDT,41,25.434363,100,0.25434363,Sal Frelick,686217,0.3123291139240506,41
2026,2026-04-17 19:00:00 CDT,42,25.889363,100,0.25889363,Sal Frelick,686217,0.3123291139240506,42
2026,2026-04-17 19:00:00 CDT,43,25.871363,100,0.25871363,Sal Frelick,686217,0.3123291139240506,43
2026,2026-04-17 19:00:00 CDT,44,26.557860,100,0.2655786,Sal Frelick,686217,0.3123291139240506,44
2026,2026-04-17 19:00:00 CDT,45,27.331860,100,0.2733186,Sal Frelick,686217,0.3123291139240506,45
2026,2026-04-16 19:00:00 CDT,46,27.369860,100,0.2736986,Sal Frelick,686217,0.3123291139240506,46
2026,2026-04-16 19:00:00 CDT,47,27.324860,100,0.2732486,Sal Frelick,686217,0.3123291139240506,47
2026,2026-04-16 19:00:00 CDT,48,27.579860,100,0.2757986,Sal Frelick,686217,0.3123291139240506,48
2026,2026-04-16 19:00:00 CDT,49,27.531860,100,0.2753186,Sal Frelick,686217,0.3123291139240506,49
2026,2026-04-16 19:00:00 CDT,50,28.035860,100,0.2803586,Sal Frelick,686217,0.3123291139240506,50
2026,2026-04-16 19:00:00 CDT,51,28.628860,100,0.2862886,Sal Frelick,686217,0.3123291139240506,51
2026,2026-04-14 19:00:00 CDT,52,28.094860,100,0.2809486,Sal Frelick,686217,0.3123291139240506,52
2026,2026-04-14 19:00:00 CDT,53,27.933860,100,0.2793386,Sal Frelick,686217,0.3123291139240506,53
2026,2026-04-14 19:00:00 CDT,54,28.179860,100,0.2817986,Sal Frelick,686217,0.3123291139240506,54
2026,2026-04-14 19:00:00 CDT,55,27.937860,100,0.2793786,Sal Frelick,686217,0.3123291139240506,55
2026,2026-04-13 19:00:00 CDT,56,27.937860,100,0.2793786,Sal Frelick,686217,0.3123291139240506,56
2026,2026-04-13 19:00:00 CDT,57,27.865860,100,0.2786586,Sal Frelick,686217,0.3123291139240506,57
2026,2026-04-13 19:00:00 CDT,58,27.355406,100,0.27355406,Sal Frelick,686217,0.3123291139240506,58
2026,2026-04-13 19:00:00 CDT,59,27.963406,100,0.27963406,Sal Frelick,686217,0.3123291139240506,59
2026,2026-04-13 19:00:00 CDT,60,27.357952,100,0.27357952,Sal Frelick,686217,0.3123291139240506,60
2026,2026-04-13 19:00:00 CDT,61,26.708952,100,0.26708952,Sal Frelick,686217,0.3123291139240506,61
2026,2026-04-11 19:00:00 CDT,62,26.710952,100,0.26710952,Sal Frelick,686217,0.3123291139240506,62
2026,2026-04-11 19:00:00 CDT,63,26.763952,100,0.26763952,Sal Frelick,686217,0.3123291139240506,63
2026,2026-04-11 19:00:00 CDT,64,26.583952,100,0.26583952,Sal Frelick,686217,0.3123291139240506,64
2026,2026-04-11 19:00:00 CDT,65,27.117952,100,0.27117952,Sal Frelick,686217,0.3123291139240506,65
2026,2026-04-10 19:00:00 CDT,66,27.051952,100,0.27051952,Sal Frelick,686217,0.3123291139240506,66
2026,2026-04-10 19:00:00 CDT,67,27.051952,100,0.27051952,Sal Frelick,686217,0.3123291139240506,67
2026,2026-04-10 19:00:00 CDT,68,27.071952,100,0.27071952,Sal Frelick,686217,0.3123291139240506,68
2026,2026-04-10 19:00:00 CDT,69,27.025952,100,0.27025952,Sal Frelick,686217,0.3123291139240506,69
2026,2026-04-09 19:00:00 CDT,70,26.901952,100,0.26901952,Sal Frelick,686217,0.3123291139240506,70
2026,2026-04-09 19:00:00 CDT,71,26.823952,100,0.26823952,Sal Frelick,686217,0.3123291139240506,71
2026,2026-04-09 19:00:00 CDT,72,26.762952,100,0.26762952,Sal Frelick,686217,0.3123291139240506,72
2026,2026-04-07 19:00:00 CDT,73,26.896952,100,0.26896952,Sal Frelick,686217,0.3123291139240506,73
2026,2026-04-07 19:00:00 CDT,74,26.948952,100,0.26948952,Sal Frelick,686217,0.3123291139240506,74
2026,2026-04-07 19:00:00 CDT,75,26.441952,100,0.26441952,Sal Frelick,686217,0.3123291139240506,75
2026,2026-04-07 19:00:00 CDT,76,26.294952,100,0.26294952,Sal Frelick,686217,0.3123291139240506,76
2026,2026-04-06 19:00:00 CDT,77,26.301952,100,0.26301952,Sal Frelick,686217,0.3123291139240506,77
2026,2026-04-06 19:00:00 CDT,78,25.912498,100,0.25912498,Sal Frelick,686217,0.3123291139240506,78
2026,2026-04-06 19:00:00 CDT,79,25.432498,100,0.25432498,Sal Frelick,686217,0.3123291139240506,79
2026,2026-04-06 19:00:00 CDT,80,25.551498,100,0.25551498,Sal Frelick,686217,0.3123291139240506,80
2026,2026-04-05 19:00:00 CDT,81,25.492498,100,0.25492498,Sal Frelick,686217,0.3123291139240506,81
2026,2026-04-05 19:00:00 CDT,82,26.5462007027027033,100,0.26546200702702705,Sal Frelick,686217,0.3123291139240506,82
2026,2026-04-05 19:00:00 CDT,83,26.5462007027027033,100,0.26546200702702705,Sal Frelick,686217,0.3123291139240506,83
2026,2026-04-05 19:00:00 CDT,84,26.5522007027027033,100,0.26552200702702705,Sal Frelick,686217,0.3123291139240506,84
2026,2026-04-05 19:00:00 CDT,85,26.5732007027027033,100,0.26573200702702704,Sal Frelick,686217,0.3123291139240506,85
2026,2026-04-03 19:00:00 CDT,86,26.50737828165007185,100,0.26507378281650074,Sal Frelick,686217,0.3123291139240506,86
2026,2026-04-03 19:00:00 CDT,87,26.51387528165007185,100,0.26513875281650073,Sal Frelick,686217,0.3123291139240506,87
2026,2026-04-03 19:00:00 CDT,88,27.20537228165007185,100,0.2720537228165007,Sal Frelick,686217,0.3123291139240506,88
2026,2026-04-03 19:00:00 CDT,89,27.04091828165007185,100,0.2704091828165007,Sal Frelick,686217,0.3123291139240506,89
2026,2026-04-03 19:00:00 CDT,90,27.48641528165007185,100,0.27486415281650073,Sal Frelick,686217,0.3123291139240506,90
2026,2026-04-03 19:00:00 CDT,91,27.68441528165007185,100,0.2768441528165007,Sal Frelick,686217,0.3123291139240506,91
2026,2026-03-31 19:00:00 CDT,92,27.60141528165007185,100,0.2760141528165007,Sal Frelick,686217,0.3123291139240506,92
2026,2026-03-31 19:00:00 CDT,93,27.60141528165007185,100,0.2760141528165007,Sal Frelick,686217,0.3123291139240506,93
2026,2026-03-31 19:00:00 CDT,94,27.46341528165007185,100,0.2746341528165007,Sal Frelick,686217,0.3123291139240506,94
2026,2026-03-31 19:00:00 CDT,95,27.46341528165007185,100,0.2746341528165007,Sal Frelick,686217,0.3123291139240506,95
2026,2026-03-30 19:00:00 CDT,96,27.53641528165007185,100,0.27536415281650073,Sal Frelick,686217,0.3123291139240506,96
2026,2026-03-30 19:00:00 CDT,97,28.08441528165007185,100,0.2808441528165007,Sal Frelick,686217,0.3123291139240506,97
2026,2026-03-30 19:00:00 CDT,98,28.66141528165007185,100,0.2866141528165007,Sal Frelick,686217,0.3123291139240506,98
2026,2026-03-30 19:00:00 CDT,99,28.63741528165007185,100,0.2863741528165007,Sal Frelick,686217,0.3123291139240506,99
2026,2026-03-29 19:00:00 CDT,100,29.20191228165007185,100,0.2920191228165007,Sal Frelick,686217,0.3123291139240506,100
2026,2026-05-02 19:00:00 CDT,1,27.105129,100,0.27105129,Joey Ortiz,687401,0.3123291139240506,1
2026,2026-05-02 19:00:00 CDT,2,27.211129,100,0.27211129,Joey Ortiz,687401,0.3123291139240506,2
2026,2026-05-02 19:00:00 CDT,3,26.458626,100,0.26458626,Joey Ortiz,687401,0.3123291139240506,3
2026,2026-05-01 19:00:00 CDT,4,26.274123,100,0.26274123,Joey Ortiz,687401,0.3123291139240506,4
2026,2026-05-01 19:00:00 CDT,5,26.136123,100,0.26136123,Joey Ortiz,687401,0.3123291139240506,5
2026,2026-05-01 19:00:00 CDT,6,25.927123,100,0.25927123,Joey Ortiz,687401,0.3123291139240506,6
2026,2026-05-01 19:00:00 CDT,7,25.931123,100,0.25931123,Joey Ortiz,687401,0.3123291139240506,7
2026,2026-04-28 19:00:00 CDT,8,25.706123,100,0.25706123,Joey Ortiz,687401,0.3123291139240506,8
2026,2026-04-28 19:00:00 CDT,9,25.96284042857142857,100,0.25962840428571426,Joey Ortiz,687401,0.3123291139240506,9
2026,2026-04-27 19:00:00 CDT,10,25.95984042857142857,100,0.2595984042857143,Joey Ortiz,687401,0.3123291139240506,10
2026,2026-04-27 19:00:00 CDT,11,26.48184042857142857,100,0.2648184042857143,Joey Ortiz,687401,0.3123291139240506,11
2026,2026-04-27 19:00:00 CDT,12,26.55284042857142857,100,0.2655284042857143,Joey Ortiz,687401,0.3123291139240506,12
2026,2026-04-27 19:00:00 CDT,13,26.05684042857142857,100,0.26056840428571426,Joey Ortiz,687401,0.3123291139240506,13
2026,2026-04-24 19:00:00 CDT,14,26.33984042857142857,100,0.26339840428571426,Joey Ortiz,687401,0.3123291139240506,14
2026,2026-04-24 19:00:00 CDT,15,26.61384042857142857,100,0.2661384042857143,Joey Ortiz,687401,0.3123291139240506,15
2026,2026-04-24 19:00:00 CDT,16,26.67684042857142857,100,0.2667684042857143,Joey Ortiz,687401,0.3123291139240506,16
2026,2026-04-24 19:00:00 CDT,17,26.15084042857142857,100,0.2615084042857143,Joey Ortiz,687401,0.3123291139240506,17
2026,2026-04-23 19:00:00 CDT,18,25.44238642857142857,100,0.2544238642857143,Joey Ortiz,687401,0.3123291139240506,18
2026,2026-04-22 19:00:00 CDT,19,25.43438642857142857,100,0.25434386428571426,Joey Ortiz,687401,0.3123291139240506,19
2026,2026-04-22 19:00:00 CDT,20,25.28193242857142857,100,0.2528193242857143,Joey Ortiz,687401,0.3123291139240506,20
2026,2026-04-22 19:00:00 CDT,21,25.03193242857142857,100,0.2503193242857143,Joey Ortiz,687401,0.3123291139240506,21
2026,2026-04-22 19:00:00 CDT,22,24.77493242857142857,100,0.24774932428571428,Joey Ortiz,687401,0.3123291139240506,22
2026,2026-04-21 19:00:00 CDT,23,25.34393242857142857,100,0.2534393242857143,Joey Ortiz,687401,0.3123291139240506,23
2026,2026-04-21 19:00:00 CDT,24,25.40093242857142857,100,0.25400932428571427,Joey Ortiz,687401,0.3123291139240506,24
2026,2026-04-20 19:00:00 CDT,25,25.65793242857142857,100,0.2565793242857143,Joey Ortiz,687401,0.3123291139240506,25
2026,2026-04-17 19:00:00 CDT,26,26.56093242857142857,100,0.26560932428571427,Joey Ortiz,687401,0.3123291139240506,26
2026,2026-04-17 19:00:00 CDT,27,26.83193242857142857,100,0.2683193242857143,Joey Ortiz,687401,0.3123291139240506,27
2026,2026-04-17 19:00:00 CDT,28,26.49047842857142857,100,0.2649047842857143,Joey Ortiz,687401,0.3123291139240506,28
2026,2026-04-17 19:00:00 CDT,29,26.99247842857142857,100,0.26992478428571426,Joey Ortiz,687401,0.3123291139240506,29
2026,2026-04-15 19:00:00 CDT,30,26.34202442857142857,100,0.2634202442857143,Joey Ortiz,687401,0.3123291139240506,30
2026,2026-04-15 19:00:00 CDT,31,26.68002442857142857,100,0.2668002442857143,Joey Ortiz,687401,0.3123291139240506,31
2026,2026-04-14 19:00:00 CDT,32,26.03457042857142857,100,0.2603457042857143,Joey Ortiz,687401,0.3123291139240506,32
2026,2026-04-14 19:00:00 CDT,33,26.25557042857142857,100,0.2625557042857143,Joey Ortiz,687401,0.3123291139240506,33
2026,2026-04-14 19:00:00 CDT,34,25.71457042857142857,100,0.25714570428571426,Joey Ortiz,687401,0.3123291139240506,34
2026,2026-04-13 19:00:00 CDT,35,25.81357042857142857,100,0.2581357042857143,Joey Ortiz,687401,0.3123291139240506,35
2026,2026-04-13 19:00:00 CDT,36,26.24257042857142857,100,0.26242570428571427,Joey Ortiz,687401,0.3123291139240506,36
2026,2026-04-13 19:00:00 CDT,37,26.02057042857142857,100,0.26020570428571427,Joey Ortiz,687401,0.3123291139240506,37
2026,2026-04-13 19:00:00 CDT,38,25.78457042857142857,100,0.2578457042857143,Joey Ortiz,687401,0.3123291139240506,38
2026,2026-04-11 19:00:00 CDT,39,25.73657042857142857,100,0.25736570428571426,Joey Ortiz,687401,0.3123291139240506,39
2026,2026-04-11 19:00:00 CDT,40,25.79157042857142857,100,0.2579157042857143,Joey Ortiz,687401,0.3123291139240506,40
2026,2026-04-11 19:00:00 CDT,41,25.77957042857142857,100,0.2577957042857143,Joey Ortiz,687401,0.3123291139240506,41
2026,2026-04-11 19:00:00 CDT,42,25.65657042857142857,100,0.2565657042857143,Joey Ortiz,687401,0.3123291139240506,42
2026,2026-04-10 19:00:00 CDT,43,25.86957042857142857,100,0.2586957042857143,Joey Ortiz,687401,0.3123291139240506,43
2026,2026-04-10 19:00:00 CDT,44,25.90657042857142857,100,0.2590657042857143,Joey Ortiz,687401,0.3123291139240506,44
2026,2026-04-10 19:00:00 CDT,45,25.90557042857142857,100,0.2590557042857143,Joey Ortiz,687401,0.3123291139240506,45
2026,2026-04-10 19:00:00 CDT,46,25.66757042857142857,100,0.2566757042857143,Joey Ortiz,687401,0.3123291139240506,46
2026,2026-04-07 19:00:00 CDT,47,25.70857042857142857,100,0.2570857042857143,Joey Ortiz,687401,0.3123291139240506,47
2026,2026-04-07 19:00:00 CDT,48,26.14357042857142857,100,0.2614357042857143,Joey Ortiz,687401,0.3123291139240506,48
2026,2026-04-07 19:00:00 CDT,49,26.13457042857142857,100,0.2613457042857143,Joey Ortiz,687401,0.3123291139240506,49
2026,2026-04-06 19:00:00 CDT,50,25.62157042857142857,100,0.2562157042857143,Joey Ortiz,687401,0.3123291139240506,50
2026,2026-04-06 19:00:00 CDT,51,25.54757042857142857,100,0.2554757042857143,Joey Ortiz,687401,0.3123291139240506,51
2026,2026-04-06 19:00:00 CDT,52,25.42557042857142857,100,0.2542557042857143,Joey Ortiz,687401,0.3123291139240506,52
2026,2026-04-06 19:00:00 CDT,53,25.30457042857142857,100,0.25304570428571427,Joey Ortiz,687401,0.3123291139240506,53
2026,2026-04-04 19:00:00 CDT,54,25.24757042857142857,100,0.2524757042857143,Joey Ortiz,687401,0.3123291139240506,54
2026,2026-04-04 19:00:00 CDT,55,25.21357042857142857,100,0.2521357042857143,Joey Ortiz,687401,0.3123291139240506,55
2026,2026-04-04 19:00:00 CDT,56,25.40857042857142857,100,0.2540857042857143,Joey Ortiz,687401,0.3123291139240506,56
2026,2026-04-04 19:00:00 CDT,57,25.49757042857142857,100,0.2549757042857143,Joey Ortiz,687401,0.3123291139240506,57
2026,2026-04-03 19:00:00 CDT,58,25.98357042857142857,100,0.2598357042857143,Joey Ortiz,687401,0.3123291139240506,58
2026,2026-04-03 19:00:00 CDT,59,25.68357042857142857,100,0.2568357042857143,Joey Ortiz,687401,0.3123291139240506,59
2026,2026-04-03 19:00:00 CDT,60,25.65057042857142857,100,0.2565057042857143,Joey Ortiz,687401,0.3123291139240506,60
2026,2026-04-03 19:00:00 CDT,61,25.87557042857142857,100,0.25875570428571426,Joey Ortiz,687401,0.3123291139240506,61
2026,2026-03-31 19:00:00 CDT,62,26.56706742857142857,100,0.2656706742857143,Joey Ortiz,687401,0.3123291139240506,62
2026,2026-03-31 19:00:00 CDT,63,26.57706742857142857,100,0.26577067428571427,Joey Ortiz,687401,0.3123291139240506,63
2026,2026-03-31 19:00:00 CDT,64,26.12906742857142857,100,0.2612906742857143,Joey Ortiz,687401,0.3123291139240506,64
2026,2026-03-31 19:00:00 CDT,65,26.06406742857142857,100,0.2606406742857143,Joey Ortiz,687401,0.3123291139240506,65
2026,2026-03-30 19:00:00 CDT,66,25.37606742857142857,100,0.2537606742857143,Joey Ortiz,687401,0.3123291139240506,66
2026,2026-03-30 19:00:00 CDT,67,25.72806742857142857,100,0.2572806742857143,Joey Ortiz,687401,0.3123291139240506,67
2026,2026-03-30 19:00:00 CDT,68,26.06006742857142857,100,0.26060067428571426,Joey Ortiz,687401,0.3123291139240506,68
2026,2026-03-30 19:00:00 CDT,69,25.39961342857142857,100,0.25399613428571427,Joey Ortiz,687401,0.3123291139240506,69
2026,2026-03-28 19:00:00 CDT,70,25.27761342857142857,100,0.25277613428571427,Joey Ortiz,687401,0.3123291139240506,70
2026,2026-03-28 19:00:00 CDT,71,25.27761342857142857,100,0.25277613428571427,Joey Ortiz,687401,0.3123291139240506,71
2026,2026-03-28 19:00:00 CDT,72,25.00861342857142857,100,0.2500861342857143,Joey Ortiz,687401,0.3123291139240506,72
2026,2026-03-28 19:00:00 CDT,73,25.42061342857142857,100,0.25420613428571426,Joey Ortiz,687401,0.3123291139240506,73
2026,2026-03-28 19:00:00 CDT,74,25.78161342857142857,100,0.25781613428571426,Joey Ortiz,687401,0.3123291139240506,74
2026,2026-03-27 19:00:00 CDT,75,25.19415942857142857,100,0.2519415942857143,Joey Ortiz,687401,0.3123291139240506,75
2026,2026-03-27 19:00:00 CDT,76,25.39415942857142857,100,0.2539415942857143,Joey Ortiz,687401,0.3123291139240506,76
2026,2026-03-27 19:00:00 CDT,77,25.38915942857142857,100,0.2538915942857143,Joey Ortiz,687401,0.3123291139240506,77
2026,2026-03-27 19:00:00 CDT,78,25.02915942857142857,100,0.2502915942857143,Joey Ortiz,687401,0.3123291139240506,78
2026,2026-03-25 19:00:00 CDT,79,25.08515942857142857,100,0.2508515942857143,Joey Ortiz,687401,0.3123291139240506,79
2026,2026-03-25 19:00:00 CDT,80,24.91665642857142857,100,0.2491665642857143,Joey Ortiz,687401,0.3123291139240506,80
2026,2026-03-25 19:00:00 CDT,81,24.39765642857142857,100,0.2439765642857143,Joey Ortiz,687401,0.3123291139240506,81
2025,2025-10-16 19:00:00 CDT,82,24.16665642857142857,100,0.24166656428571429,Joey Ortiz,687401,0.3123291139240506,82
2025,2025-10-15 19:00:00 CDT,83,24.26465642857142857,100,0.2426465642857143,Joey Ortiz,687401,0.3123291139240506,83
2025,2025-10-15 19:00:00 CDT,84,24.99865642857142857,100,0.24998656428571428,Joey Ortiz,687401,0.3123291139240506,84
2025,2025-10-13 19:00:00 CDT,85,24.91165642857142857,100,0.2491165642857143,Joey Ortiz,687401,0.3123291139240506,85
2025,2025-10-13 19:00:00 CDT,86,24.51315942857142857,100,0.2451315942857143,Joey Ortiz,687401,0.3123291139240506,86
2025,2025-10-12 19:00:00 CDT,87,24.64815942857142857,100,0.24648159428571428,Joey Ortiz,687401,0.3123291139240506,87
2025,2025-10-12 19:00:00 CDT,88,25.10215942857142857,100,0.2510215942857143,Joey Ortiz,687401,0.3123291139240506,88
2025,2025-10-10 19:00:00 CDT,89,25.03215942857142857,100,0.25032159428571427,Joey Ortiz,687401,0.3123291139240506,89
2025,2025-10-10 19:00:00 CDT,90,24.14315942857142857,100,0.24143159428571428,Joey Ortiz,687401,0.3123291139240506,90
2025,2025-10-10 19:00:00 CDT,91,23.89215942857142857,100,0.23892159428571427,Joey Ortiz,687401,0.3123291139240506,91
2025,2025-10-08 19:00:00 CDT,92,23.51415942857142857,100,0.2351415942857143,Joey Ortiz,687401,0.3123291139240506,92
2025,2025-10-08 19:00:00 CDT,93,22.74415942857142857,100,0.22744159428571428,Joey Ortiz,687401,0.3123291139240506,93
2025,2025-10-07 19:00:00 CDT,94,22.79215942857142857,100,0.2279215942857143,Joey Ortiz,687401,0.3123291139240506,94
2025,2025-10-07 19:00:00 CDT,95,22.71415942857142857,100,0.2271415942857143,Joey Ortiz,687401,0.3123291139240506,95
2025,2025-10-05 19:00:00 CDT,96,23.04215942857142857,100,0.2304215942857143,Joey Ortiz,687401,0.3123291139240506,96
2025,2025-10-05 19:00:00 CDT,97,23.77915942857142857,100,0.23779159428571428,Joey Ortiz,687401,0.3123291139240506,97
2025,2025-10-05 19:00:00 CDT,98,23.50615942857142857,100,0.2350615942857143,Joey Ortiz,687401,0.3123291139240506,98
2025,2025-10-05 19:00:00 CDT,99,23.55215942857142857,100,0.2355215942857143,Joey Ortiz,687401,0.3123291139240506,99
2025,2025-10-03 19:00:00 CDT,100,23.93015942857142857,100,0.2393015942857143,Joey Ortiz,687401,0.3123291139240506,100
2026,2026-05-02 19:00:00 CDT,1,34.562498,100,0.34562498,Garrett Mitchell,669003,0.3123291139240506,1
2026,2026-05-02 19:00:00 CDT,2,34.311498,100,0.34311498,Garrett Mitchell,669003,0.3123291139240506,2
2026,2026-05-02 19:00:00 CDT,3,33.964498,100,0.33964498,Garrett Mitchell,669003,0.3123291139240506,3
2026,2026-05-02 19:00:00 CDT,4,33.964498,100,0.33964498,Garrett Mitchell,669003,0.3123291139240506,4
2026,2026-05-01 19:00:00 CDT,5,33.561044,100,0.33561044,Garrett Mitchell,669003,0.3123291139240506,5
2026,2026-05-01 19:00:00 CDT,6,32.855590,100,0.3285559,Garrett Mitchell,669003,0.3123291139240506,6
2026,2026-05-01 19:00:00 CDT,7,32.590590,100,0.3259059,Garrett Mitchell,669003,0.3123291139240506,7
2026,2026-05-01 19:00:00 CDT,8,32.621044,100,0.32621044,Garrett Mitchell,669003,0.3123291139240506,8
2026,2026-05-01 19:00:00 CDT,9,32.621044,100,0.32621044,Garrett Mitchell,669003,0.3123291139240506,9
2026,2026-04-30 19:00:00 CDT,10,33.179044,100,0.33179044,Garrett Mitchell,669003,0.3123291139240506,10
2026,2026-04-30 19:00:00 CDT,11,33.887498,100,0.33887498,Garrett Mitchell,669003,0.3123291139240506,11
2026,2026-04-30 19:00:00 CDT,12,34.072498,100,0.34072498,Garrett Mitchell,669003,0.3123291139240506,12
2026,2026-04-30 19:00:00 CDT,13,34.725952,100,0.34725952,Garrett Mitchell,669003,0.3123291139240506,13
2026,2026-04-30 19:00:00 CDT,14,34.846952,100,0.34846952,Garrett Mitchell,669003,0.3123291139240506,14
2026,2026-04-30 19:00:00 CDT,15,35.229952,100,0.35229952,Garrett Mitchell,669003,0.3123291139240506,15
2026,2026-04-29 19:00:00 CDT,16,33.643952,100,0.33643952,Garrett Mitchell,669003,0.3123291139240506,16
2026,2026-04-29 19:00:00 CDT,17,33.730952,100,0.33730952,Garrett Mitchell,669003,0.3123291139240506,17
2026,2026-04-29 19:00:00 CDT,18,34.372449,100,0.34372449,Garrett Mitchell,669003,0.3123291139240506,18
2026,2026-04-29 19:00:00 CDT,19,34.025449,100,0.34025449,Garrett Mitchell,669003,0.3123291139240506,19
2026,2026-04-29 19:00:00 CDT,20,34.399449,100,0.34399449,Garrett Mitchell,669003,0.3123291139240506,20
2026,2026-04-28 19:00:00 CDT,21,33.799995,100,0.33799995,Garrett Mitchell,669003,0.3123291139240506,21
2026,2026-04-28 19:00:00 CDT,22,33.799995,100,0.33799995,Garrett Mitchell,669003,0.3123291139240506,22
2026,2026-04-27 19:00:00 CDT,23,34.122995,100,0.34122995,Garrett Mitchell,669003,0.3123291139240506,23
2026,2026-04-27 19:00:00 CDT,24,34.381995,100,0.34381995,Garrett Mitchell,669003,0.3123291139240506,24
2026,2026-04-27 19:00:00 CDT,25,34.626492,100,0.34626492,Garrett Mitchell,669003,0.3123291139240506,25
2026,2026-04-27 19:00:00 CDT,26,34.546492,100,0.34546492,Garrett Mitchell,669003,0.3123291139240506,26
2026,2026-04-27 19:00:00 CDT,27,33.247492,100,0.33247492,Garrett Mitchell,669003,0.3123291139240506,27
2026,2026-04-25 19:00:00 CDT,28,32.539038,100,0.32539038,Garrett Mitchell,669003,0.3123291139240506,28
2026,2026-04-25 19:00:00 CDT,29,32.527038,100,0.32527038,Garrett Mitchell,669003,0.3123291139240506,29
2026,2026-04-25 19:00:00 CDT,30,32.66890664864864834,100,0.3266890664864865,Garrett Mitchell,669003,0.3123291139240506,30
2026,2026-04-25 19:00:00 CDT,31,32.80290664864864834,100,0.3280290664864865,Garrett Mitchell,669003,0.3123291139240506,31
2026,2026-04-24 19:00:00 CDT,32,33.28390664864864834,100,0.3328390664864865,Garrett Mitchell,669003,0.3123291139240506,32
2026,2026-04-24 19:00:00 CDT,33,32.95990664864864834,100,0.32959906648648646,Garrett Mitchell,669003,0.3123291139240506,33
2026,2026-04-24 19:00:00 CDT,34,32.89290664864864834,100,0.3289290664864865,Garrett Mitchell,669003,0.3123291139240506,34
2026,2026-04-24 19:00:00 CDT,35,32.60690664864864834,100,0.3260690664864865,Garrett Mitchell,669003,0.3123291139240506,35
2026,2026-04-23 19:00:00 CDT,36,32.02290664864864834,100,0.32022906648648647,Garrett Mitchell,669003,0.3123291139240506,36
2026,2026-04-23 19:00:00 CDT,37,32.02290664864864834,100,0.32022906648648647,Garrett Mitchell,669003,0.3123291139240506,37
2026,2026-04-22 19:00:00 CDT,38,32.64890664864864834,100,0.32648906648648646,Garrett Mitchell,669003,0.3123291139240506,38
2026,2026-04-21 19:00:00 CDT,39,32.94790664864864834,100,0.3294790664864865,Garrett Mitchell,669003,0.3123291139240506,39
2026,2026-04-21 19:00:00 CDT,40,33.19790664864864834,100,0.3319790664864865,Garrett Mitchell,669003,0.3123291139240506,40
2026,2026-04-21 19:00:00 CDT,41,32.49745264864864834,100,0.3249745264864865,Garrett Mitchell,669003,0.3123291139240506,41
2026,2026-04-21 19:00:00 CDT,42,34.05295264864864854,100,0.3405295264864865,Garrett Mitchell,669003,0.3123291139240506,42
2026,2026-04-20 19:00:00 CDT,43,34.06295264864864854,100,0.3406295264864865,Garrett Mitchell,669003,0.3123291139240506,43
2026,2026-04-20 19:00:00 CDT,44,33.92895264864864854,100,0.33928952648648647,Garrett Mitchell,669003,0.3123291139240506,44
2026,2026-04-20 19:00:00 CDT,45,33.02495264864864854,100,0.3302495264864865,Garrett Mitchell,669003,0.3123291139240506,45
2026,2026-04-20 19:00:00 CDT,46,33.32195264864864854,100,0.3332195264864865,Garrett Mitchell,669003,0.3123291139240506,46
2026,2026-04-20 19:00:00 CDT,47,33.31695264864864854,100,0.3331695264864865,Garrett Mitchell,669003,0.3123291139240506,47
2026,2026-04-18 19:00:00 CDT,48,33.03995264864864854,100,0.33039952648648646,Garrett Mitchell,669003,0.3123291139240506,48
2026,2026-04-18 19:00:00 CDT,49,32.33149864864864854,100,0.3233149864864865,Garrett Mitchell,669003,0.3123291139240506,49
2026,2026-04-18 19:00:00 CDT,50,32.35149864864864854,100,0.32351498648648647,Garrett Mitchell,669003,0.3123291139240506,50
2026,2026-04-18 19:00:00 CDT,51,32.35149864864864854,100,0.32351498648648647,Garrett Mitchell,669003,0.3123291139240506,51
2026,2026-04-17 19:00:00 CDT,52,32.35149864864864854,100,0.32351498648648647,Garrett Mitchell,669003,0.3123291139240506,52
2026,2026-04-17 19:00:00 CDT,53,32.33454164864864854,100,0.32334541648648646,Garrett Mitchell,669003,0.3123291139240506,53
2026,2026-04-17 19:00:00 CDT,54,32.58854164864864854,100,0.3258854164864865,Garrett Mitchell,669003,0.3123291139240506,54
2026,2026-04-17 19:00:00 CDT,55,31.88008764864864854,100,0.3188008764864865,Garrett Mitchell,669003,0.3123291139240506,55
2026,2026-04-17 19:00:00 CDT,56,32.19658464864864854,100,0.32196584648648646,Garrett Mitchell,669003,0.3123291139240506,56
2026,2026-04-16 19:00:00 CDT,57,31.86613064864864854,100,0.3186613064864865,Garrett Mitchell,669003,0.3123291139240506,57
2026,2026-04-16 19:00:00 CDT,58,31.22513064864864854,100,0.31225130648648647,Garrett Mitchell,669003,0.3123291139240506,58
2026,2026-04-16 19:00:00 CDT,59,31.00367664864864854,100,0.3100367664864865,Garrett Mitchell,669003,0.3123291139240506,59
2026,2026-04-16 19:00:00 CDT,60,31.10267664864864854,100,0.3110267664864865,Garrett Mitchell,669003,0.3123291139240506,60
2026,2026-04-16 19:00:00 CDT,61,31.27767664864864854,100,0.3127767664864865,Garrett Mitchell,669003,0.3123291139240506,61
2026,2026-04-15 19:00:00 CDT,62,31.82167664864864854,100,0.3182167664864865,Garrett Mitchell,669003,0.3123291139240506,62
2026,2026-04-14 19:00:00 CDT,63,31.59922264864864854,100,0.3159922264864865,Garrett Mitchell,669003,0.3123291139240506,63
2026,2026-04-14 19:00:00 CDT,64,31.59922264864864854,100,0.3159922264864865,Garrett Mitchell,669003,0.3123291139240506,64
2026,2026-04-13 19:00:00 CDT,65,32.44722264864864854,100,0.3244722264864865,Garrett Mitchell,669003,0.3123291139240506,65
2026,2026-04-13 19:00:00 CDT,66,32.13076864864864854,100,0.3213076864864865,Garrett Mitchell,669003,0.3123291139240506,66
2026,2026-04-13 19:00:00 CDT,67,32.65126564864864854,100,0.3265126564864865,Garrett Mitchell,669003,0.3123291139240506,67
2026,2026-04-13 19:00:00 CDT,68,31.94281164864864854,100,0.3194281164864865,Garrett Mitchell,669003,0.3123291139240506,68
2026,2026-04-13 19:00:00 CDT,69,32.51981164864864854,100,0.3251981164864865,Garrett Mitchell,669003,0.3123291139240506,69
2026,2026-04-11 19:00:00 CDT,70,32.51981164864864854,100,0.3251981164864865,Garrett Mitchell,669003,0.3123291139240506,70
2026,2026-04-11 19:00:00 CDT,71,31.98081164864864854,100,0.3198081164864865,Garrett Mitchell,669003,0.3123291139240506,71
2026,2026-04-11 19:00:00 CDT,72,32.88181164864864854,100,0.3288181164864865,Garrett Mitchell,669003,0.3123291139240506,72
2026,2026-04-11 19:00:00 CDT,73,32.80181164864864854,100,0.3280181164864865,Garrett Mitchell,669003,0.3123291139240506,73
2026,2026-04-10 19:00:00 CDT,74,32.96581164864864854,100,0.32965811648648646,Garrett Mitchell,669003,0.3123291139240506,74
2026,2026-04-09 19:00:00 CDT,75,33.65730864864864854,100,0.3365730864864865,Garrett Mitchell,669003,0.3123291139240506,75
2026,2026-04-09 19:00:00 CDT,76,34.34880564864864854,100,0.3434880564864865,Garrett Mitchell,669003,0.3123291139240506,76
2026,2026-04-09 19:00:00 CDT,77,33.74280564864864854,100,0.3374280564864865,Garrett Mitchell,669003,0.3123291139240506,77
2026,2026-04-07 19:00:00 CDT,78,33.03435164864864854,100,0.33034351648648647,Garrett Mitchell,669003,0.3123291139240506,78
2026,2026-04-07 19:00:00 CDT,79,32.62989764864864854,100,0.3262989764864865,Garrett Mitchell,669003,0.3123291139240506,79
2026,2026-04-07 19:00:00 CDT,80,31.79689764864864854,100,0.3179689764864865,Garrett Mitchell,669003,0.3123291139240506,80
2026,2026-04-07 19:00:00 CDT,81,31.08844364864864854,100,0.3108844364864865,Garrett Mitchell,669003,0.3123291139240506,81
2026,2026-04-05 19:00:00 CDT,82,31.23644364864864854,100,0.3123644364864865,Garrett Mitchell,669003,0.3123291139240506,82
2026,2026-04-05 19:00:00 CDT,83,30.31544364864864854,100,0.3031544364864865,Garrett Mitchell,669003,0.3123291139240506,83
2026,2026-04-05 19:00:00 CDT,84,31.09244364864864854,100,0.3109244364864865,Garrett Mitchell,669003,0.3123291139240506,84
2026,2026-04-05 19:00:00 CDT,85,30.79844364864864854,100,0.3079844364864865,Garrett Mitchell,669003,0.3123291139240506,85
2026,2026-04-05 19:00:00 CDT,86,30.81544364864864854,100,0.3081544364864865,Garrett Mitchell,669003,0.3123291139240506,86
2026,2026-04-04 19:00:00 CDT,87,31.54144364864864854,100,0.3154144364864865,Garrett Mitchell,669003,0.3123291139240506,87
2026,2026-04-03 19:00:00 CDT,88,31.55527864864864854,100,0.3155527864864865,Garrett Mitchell,669003,0.3123291139240506,88
2026,2026-04-03 19:00:00 CDT,89,31.85727864864864854,100,0.31857278648648646,Garrett Mitchell,669003,0.3123291139240506,89
2026,2026-04-03 19:00:00 CDT,90,31.98527864864864854,100,0.31985278648648646,Garrett Mitchell,669003,0.3123291139240506,90
2026,2026-04-03 19:00:00 CDT,91,32.43827864864864864,100,0.3243827864864865,Garrett Mitchell,669003,0.3123291139240506,91
2026,2026-04-03 19:00:00 CDT,92,32.38327864864864864,100,0.3238327864864865,Garrett Mitchell,669003,0.3123291139240506,92
2026,2026-04-03 19:00:00 CDT,93,32.66227864864864864,100,0.32662278648648646,Garrett Mitchell,669003,0.3123291139240506,93
2026,2026-04-03 19:00:00 CDT,94,33.35140964864864864,100,0.3335140964864865,Garrett Mitchell,669003,0.3123291139240506,94
2026,2026-04-03 19:00:00 CDT,95,31.49140964864864864,100,0.3149140964864865,Garrett Mitchell,669003,0.3123291139240506,95
2026,2026-03-31 19:00:00 CDT,96,29.48440964864864864,100,0.29484409648648646,Garrett Mitchell,669003,0.3123291139240506,96
2026,2026-03-31 19:00:00 CDT,97,29.35940964864864864,100,0.2935940964864865,Garrett Mitchell,669003,0.3123291139240506,97
2026,2026-03-31 19:00:00 CDT,98,29.35940964864864864,100,0.2935940964864865,Garrett Mitchell,669003,0.3123291139240506,98
2026,2026-03-31 19:00:00 CDT,99,29.35940964864864864,100,0.2935940964864865,Garrett Mitchell,669003,0.3123291139240506,99
2026,2026-03-30 19:00:00 CDT,100,28.49340964864864864,100,0.2849340964864865,Garrett Mitchell,669003,0.3123291139240506,100
2026,2026-04-11 19:00:00 CDT,1,29.0307691702127661,100,0.29030769170212767,Christian Yelich,592885,0.3123291139240506,1
2026,2026-04-11 19:00:00 CDT,2,28.9317691702127661,100,0.2893176917021277,Christian Yelich,592885,0.3123291139240506,2
2026,2026-04-10 19:00:00 CDT,3,29.0057691702127661,100,0.29005769170212764,Christian Yelich,592885,0.3123291139240506,3
2026,2026-04-10 19:00:00 CDT,4,29.0057691702127661,100,0.29005769170212764,Christian Yelich,592885,0.3123291139240506,4
2026,2026-04-10 19:00:00 CDT,5,28.2973151702127661,100,0.28297315170212767,Christian Yelich,592885,0.3123291139240506,5
2026,2026-04-09 19:00:00 CDT,6,29.0173151702127661,100,0.29017315170212765,Christian Yelich,592885,0.3123291139240506,6
2026,2026-04-09 19:00:00 CDT,7,28.7783151702127661,100,0.28778315170212765,Christian Yelich,592885,0.3123291139240506,7
2026,2026-04-09 19:00:00 CDT,8,28.7573151702127661,100,0.28757315170212766,Christian Yelich,592885,0.3123291139240506,8
2026,2026-04-09 19:00:00 CDT,9,27.6903151702127661,100,0.27690315170212765,Christian Yelich,592885,0.3123291139240506,9
2026,2026-04-07 19:00:00 CDT,10,27.6903151702127661,100,0.27690315170212765,Christian Yelich,592885,0.3123291139240506,10
2026,2026-04-07 19:00:00 CDT,11,27.9503151702127661,100,0.27950315170212764,Christian Yelich,592885,0.3123291139240506,11
2026,2026-04-07 19:00:00 CDT,12,28.1413151702127661,100,0.28141315170212766,Christian Yelich,592885,0.3123291139240506,12
2026,2026-04-07 19:00:00 CDT,13,27.7223151702127661,100,0.27722315170212763,Christian Yelich,592885,0.3123291139240506,13
2026,2026-04-06 19:00:00 CDT,14,27.7733151702127661,100,0.27773315170212765,Christian Yelich,592885,0.3123291139240506,14
2026,2026-04-05 19:00:00 CDT,15,27.9243151702127661,100,0.27924315170212766,Christian Yelich,592885,0.3123291139240506,15
2026,2026-04-05 19:00:00 CDT,16,27.2298611702127661,100,0.27229861170212766,Christian Yelich,592885,0.3123291139240506,16
2026,2026-04-05 19:00:00 CDT,17,27.9488611702127661,100,0.2794886117021277,Christian Yelich,592885,0.3123291139240506,17
2026,2026-04-05 19:00:00 CDT,18,28.2603581702127661,100,0.2826035817021277,Christian Yelich,592885,0.3123291139240506,18
2026,2026-04-05 19:00:00 CDT,19,28.7278551702127661,100,0.2872785517021277,Christian Yelich,592885,0.3123291139240506,19
2026,2026-04-04 19:00:00 CDT,20,28.7858551702127661,100,0.28785855170212765,Christian Yelich,592885,0.3123291139240506,20
2026,2026-04-04 19:00:00 CDT,21,28.1668551702127661,100,0.2816685517021277,Christian Yelich,592885,0.3123291139240506,21
2026,2026-04-04 19:00:00 CDT,22,27.9238551702127661,100,0.27923855170212764,Christian Yelich,592885,0.3123291139240506,22
2026,2026-04-04 19:00:00 CDT,23,28.1308551702127661,100,0.28130855170212765,Christian Yelich,592885,0.3123291139240506,23
2026,2026-04-04 19:00:00 CDT,24,28.3908551702127661,100,0.28390855170212764,Christian Yelich,592885,0.3123291139240506,24
2026,2026-04-03 19:00:00 CDT,25,28.9638551702127661,100,0.28963855170212766,Christian Yelich,592885,0.3123291139240506,25
2026,2026-04-03 19:00:00 CDT,26,29.0068551702127661,100,0.29006855170212764,Christian Yelich,592885,0.3123291139240506,26
2026,2026-04-03 19:00:00 CDT,27,28.8538551702127661,100,0.28853855170212767,Christian Yelich,592885,0.3123291139240506,27
2026,2026-04-03 19:00:00 CDT,28,28.6838551702127661,100,0.2868385517021277,Christian Yelich,592885,0.3123291139240506,28
2026,2026-04-03 19:00:00 CDT,29,28.6838551702127661,100,0.2868385517021277,Christian Yelich,592885,0.3123291139240506,29
2026,2026-04-03 19:00:00 CDT,30,29.0118551702127661,100,0.29011855170212764,Christian Yelich,592885,0.3123291139240506,30
2026,2026-04-03 19:00:00 CDT,31,28.4688551702127661,100,0.28468855170212765,Christian Yelich,592885,0.3123291139240506,31
2026,2026-04-03 19:00:00 CDT,32,28.7678551702127661,100,0.28767855170212764,Christian Yelich,592885,0.3123291139240506,32
2026,2026-03-31 19:00:00 CDT,33,29.7268063897249611,100,0.29726806389724963,Christian Yelich,592885,0.3123291139240506,33
2026,2026-03-31 19:00:00 CDT,34,30.2128063897249611,100,0.3021280638972496,Christian Yelich,592885,0.3123291139240506,34
2026,2026-03-31 19:00:00 CDT,35,30.3158063897249611,100,0.3031580638972496,Christian Yelich,592885,0.3123291139240506,35
2026,2026-03-31 19:00:00 CDT,36,30.3628063897249611,100,0.3036280638972496,Christian Yelich,592885,0.3123291139240506,36
2026,2026-03-30 19:00:00 CDT,37,31.0543033897249611,100,0.31054303389724963,Christian Yelich,592885,0.3123291139240506,37
2026,2026-03-30 19:00:00 CDT,38,31.4093033897249611,100,0.31409303389724963,Christian Yelich,592885,0.3123291139240506,38
2026,2026-03-30 19:00:00 CDT,39,31.9468033897249611,100,0.3194680338972496,Christian Yelich,592885,0.3123291139240506,39
2026,2026-03-29 19:00:00 CDT,40,32.0398033897249611,100,0.32039803389724963,Christian Yelich,592885,0.3123291139240506,40
2026,2026-03-29 19:00:00 CDT,41,32.1558033897249611,100,0.32155803389724963,Christian Yelich,592885,0.3123291139240506,41
2026,2026-03-29 19:00:00 CDT,42,31.9508033897249611,100,0.31950803389724963,Christian Yelich,592885,0.3123291139240506,42
2026,2026-03-29 19:00:00 CDT,43,33.1399462468678179,100,0.3313994624686782,Christian Yelich,592885,0.3123291139240506,43
2026,2026-03-28 19:00:00 CDT,44,33.3519462468678179,100,0.3335194624686782,Christian Yelich,592885,0.3123291139240506,44
2026,2026-03-27 19:00:00 CDT,45,32.1719462468678179,100,0.32171946246867816,Christian Yelich,592885,0.3123291139240506,45
2026,2026-03-27 19:00:00 CDT,46,31.6749462468678179,100,0.3167494624686782,Christian Yelich,592885,0.3123291139240506,46
2026,2026-03-27 19:00:00 CDT,47,31.8819462468678179,100,0.3188194624686782,Christian Yelich,592885,0.3123291139240506,47
2026,2026-03-27 19:00:00 CDT,48,31.8819462468678179,100,0.3188194624686782,Christian Yelich,592885,0.3123291139240506,48
2026,2026-03-27 19:00:00 CDT,49,32.4499462468678179,100,0.32449946246867817,Christian Yelich,592885,0.3123291139240506,49
2026,2026-03-25 19:00:00 CDT,50,32.1619462468678179,100,0.3216194624686782,Christian Yelich,592885,0.3123291139240506,50
2026,2026-03-25 19:00:00 CDT,51,31.6099462468678179,100,0.3160994624686782,Christian Yelich,592885,0.3123291139240506,51
2026,2026-03-25 19:00:00 CDT,52,30.9914922468678179,100,0.3099149224686782,Christian Yelich,592885,0.3123291139240506,52
2026,2026-03-25 19:00:00 CDT,53,30.3594922468678179,100,0.3035949224686782,Christian Yelich,592885,0.3123291139240506,53
2026,2026-03-25 19:00:00 CDT,54,30.3164922468678179,100,0.30316492246867816,Christian Yelich,592885,0.3123291139240506,54
2025,2025-10-16 19:00:00 CDT,55,31.7629922468678179,100,0.31762992246867816,Christian Yelich,592885,0.3123291139240506,55
2025,2025-10-16 19:00:00 CDT,56,31.7139922468678179,100,0.31713992246867817,Christian Yelich,592885,0.3123291139240506,56
2025,2025-10-16 19:00:00 CDT,57,31.2614952468678179,100,0.31261495246867815,Christian Yelich,592885,0.3123291139240506,57
2025,2025-10-16 19:00:00 CDT,58,30.8684952468678179,100,0.30868495246867816,Christian Yelich,592885,0.3123291139240506,58
2025,2025-10-15 19:00:00 CDT,59,30.8684952468678179,100,0.30868495246867816,Christian Yelich,592885,0.3123291139240506,59
2025,2025-10-15 19:00:00 CDT,60,30.8684952468678179,100,0.30868495246867816,Christian Yelich,592885,0.3123291139240506,60
2025,2025-10-15 19:00:00 CDT,61,30.8684952468678179,100,0.30868495246867816,Christian Yelich,592885,0.3123291139240506,61
2025,2025-10-15 19:00:00 CDT,62,32.4839952468678181,100,0.3248399524686782,Christian Yelich,592885,0.3123291139240506,62
2025,2025-10-13 19:00:00 CDT,63,32.7339952468678181,100,0.3273399524686782,Christian Yelich,592885,0.3123291139240506,63
2025,2025-10-13 19:00:00 CDT,64,33.0629952468678181,100,0.33062995246867816,Christian Yelich,592885,0.3123291139240506,64
2025,2025-10-13 19:00:00 CDT,65,33.4209952468678181,100,0.3342099524686782,Christian Yelich,592885,0.3123291139240506,65
2025,2025-10-13 19:00:00 CDT,66,33.4209952468678181,100,0.3342099524686782,Christian Yelich,592885,0.3123291139240506,66
2025,2025-10-12 19:00:00 CDT,67,33.3709952468678181,100,0.3337099524686782,Christian Yelich,592885,0.3123291139240506,67
2025,2025-10-12 19:00:00 CDT,68,32.9384982468678181,100,0.3293849824686782,Christian Yelich,592885,0.3123291139240506,68
2025,2025-10-12 19:00:00 CDT,69,33.9880392304743758,100,0.33988039230474376,Christian Yelich,592885,0.3123291139240506,69
2025,2025-10-12 19:00:00 CDT,70,34.3570392304743758,100,0.34357039230474373,Christian Yelich,592885,0.3123291139240506,70
2025,2025-10-10 19:00:00 CDT,71,35.4920392304743758,100,0.35492039230474376,Christian Yelich,592885,0.3123291139240506,71
2025,2025-10-10 19:00:00 CDT,72,36.1335362304743758,100,0.3613353623047438,Christian Yelich,592885,0.3123291139240506,72
2025,2025-10-10 19:00:00 CDT,73,36.1335362304743758,100,0.3613353623047438,Christian Yelich,592885,0.3123291139240506,73
2025,2025-10-10 19:00:00 CDT,74,36.1145362304743758,100,0.36114536230474376,Christian Yelich,592885,0.3123291139240506,74
2025,2025-10-08 19:00:00 CDT,75,35.6395362304743758,100,0.3563953623047438,Christian Yelich,592885,0.3123291139240506,75
2025,2025-10-08 19:00:00 CDT,76,35.6395362304743758,100,0.3563953623047438,Christian Yelich,592885,0.3123291139240506,76
2025,2025-10-08 19:00:00 CDT,77,35.8705362304743758,100,0.35870536230474376,Christian Yelich,592885,0.3123291139240506,77
2025,2025-10-08 19:00:00 CDT,78,35.9985362304743758,100,0.35998536230474376,Christian Yelich,592885,0.3123291139240506,78
2025,2025-10-07 19:00:00 CDT,79,35.5010392304743758,100,0.35501039230474374,Christian Yelich,592885,0.3123291139240506,79
2025,2025-10-07 19:00:00 CDT,80,36.5672178019029469,100,0.36567217801902946,Christian Yelich,592885,0.3123291139240506,80
2025,2025-10-07 19:00:00 CDT,81,36.5042178019029469,100,0.3650421780190295,Christian Yelich,592885,0.3123291139240506,81
2025,2025-10-07 19:00:00 CDT,82,37.6267039130140580,100,0.3762670391301406,Christian Yelich,592885,0.3123291139240506,82
2025,2025-10-07 19:00:00 CDT,83,38.3817039130140580,100,0.3838170391301406,Christian Yelich,592885,0.3123291139240506,83
2025,2025-10-05 19:00:00 CDT,84,37.9917039130140580,100,0.3799170391301406,Christian Yelich,592885,0.3123291139240506,84
2025,2025-10-05 19:00:00 CDT,85,38.16615845846860337,100,0.381661584584686,Christian Yelich,592885,0.3123291139240506,85
2025,2025-10-05 19:00:00 CDT,86,38.80165545846860337,100,0.38801655458468604,Christian Yelich,592885,0.3123291139240506,86
2025,2025-10-05 19:00:00 CDT,87,38.66765545846860337,100,0.386676554584686,Christian Yelich,592885,0.3123291139240506,87
2025,2025-10-03 19:00:00 CDT,88,38.60415245846860337,100,0.38604152458468605,Christian Yelich,592885,0.3123291139240506,88
2025,2025-10-03 19:00:00 CDT,89,37.91265545846860337,100,0.379126554584686,Christian Yelich,592885,0.3123291139240506,89
2025,2025-10-03 19:00:00 CDT,90,36.85871928825583727,100,0.36858719288255837,Christian Yelich,592885,0.3123291139240506,90
2025,2025-10-03 19:00:00 CDT,91,36.65271928825583727,100,0.36652719288255836,Christian Yelich,592885,0.3123291139240506,91
2025,2025-10-03 19:00:00 CDT,92,37.08971928825583727,100,0.37089719288255835,Christian Yelich,592885,0.3123291139240506,92
2025,2025-09-27 19:00:00 CDT,93,37.02471928825583727,100,0.37024719288255836,Christian Yelich,592885,0.3123291139240506,93
2025,2025-09-27 19:00:00 CDT,94,35.98151928825583727,100,0.35981519288255837,Christian Yelich,592885,0.3123291139240506,94
2025,2025-09-27 19:00:00 CDT,95,35.39102228825583727,100,0.35391022288255836,Christian Yelich,592885,0.3123291139240506,95
2025,2025-09-27 19:00:00 CDT,96,36.02551928825583727,100,0.36025519288255836,Christian Yelich,592885,0.3123291139240506,96
2025,2025-09-27 19:00:00 CDT,97,36.31651928825583727,100,0.3631651928825584,Christian Yelich,592885,0.3123291139240506,97
2025,2025-09-26 19:00:00 CDT,98,35.76923028825583727,100,0.3576923028825584,Christian Yelich,592885,0.3123291139240506,98
2025,2025-09-26 19:00:00 CDT,99,36.59223028825583727,100,0.3659223028825584,Christian Yelich,592885,0.3123291139240506,99
2025,2025-09-26 19:00:00 CDT,100,36.98823028825583727,100,0.36988230288255836,Christian Yelich,592885,0.3123291139240506,100
2026,2026-04-30 19:00:00 CDT,1,26.73236833333333343,100,0.26732368333333334,Blake Perkins,663368,0.3123291139240506,1
2026,2026-04-30 19:00:00 CDT,2,26.67236833333333343,100,0.26672368333333335,Blake Perkins,663368,0.3123291139240506,2
2026,2026-04-30 19:00:00 CDT,3,26.57836833333333343,100,0.26578368333333335,Blake Perkins,663368,0.3123291139240506,3
2026,2026-04-30 19:00:00 CDT,4,27.26286533333333343,100,0.27262865333333336,Blake Perkins,663368,0.3123291139240506,4
2026,2026-04-30 19:00:00 CDT,5,27.21486533333333343,100,0.2721486533333333,Blake Perkins,663368,0.3123291139240506,5
2026,2026-04-28 19:00:00 CDT,6,27.97018112280701781,100,0.2797018112280702,Blake Perkins,663368,0.3123291139240506,6
2026,2026-04-28 19:00:00 CDT,7,28.52529876986584130,100,0.2852529876986584,Blake Perkins,663368,0.3123291139240506,7
2026,2026-04-27 19:00:00 CDT,8,29.10579576986584130,100,0.2910579576986584,Blake Perkins,663368,0.3123291139240506,8
2026,2026-04-23 19:00:00 CDT,9,28.95379576986584130,100,0.2895379576986584,Blake Perkins,663368,0.3123291139240506,9
2026,2026-04-22 19:00:00 CDT,10,29.43879576986584130,100,0.2943879576986584,Blake Perkins,663368,0.3123291139240506,10
2026,2026-04-22 19:00:00 CDT,11,28.91779576986584130,100,0.2891779576986584,Blake Perkins,663368,0.3123291139240506,11
2026,2026-04-22 19:00:00 CDT,12,28.80479576986584130,100,0.28804795769865843,Blake Perkins,663368,0.3123291139240506,12
2026,2026-04-20 19:00:00 CDT,13,28.79979576986584130,100,0.28799795769865844,Blake Perkins,663368,0.3123291139240506,13
2026,2026-04-20 19:00:00 CDT,14,28.55701576986584130,100,0.2855701576986584,Blake Perkins,663368,0.3123291139240506,14
2026,2026-04-20 19:00:00 CDT,15,28.07656176986584130,100,0.28076561769865843,Blake Perkins,663368,0.3123291139240506,15
2026,2026-04-20 19:00:00 CDT,16,28.39056176986584130,100,0.2839056176986584,Blake Perkins,663368,0.3123291139240506,16
2026,2026-04-18 19:00:00 CDT,17,28.39056176986584130,100,0.2839056176986584,Blake Perkins,663368,0.3123291139240506,17
2026,2026-04-18 19:00:00 CDT,18,28.93482843653250791,100,0.28934828436532506,Blake Perkins,663368,0.3123291139240506,18
2026,2026-04-14 19:00:00 CDT,19,29.36132543653250791,100,0.2936132543653251,Blake Perkins,663368,0.3123291139240506,19
2026,2026-04-10 19:00:00 CDT,20,29.37932543653250791,100,0.29379325436532505,Blake Perkins,663368,0.3123291139240506,20
2026,2026-04-10 19:00:00 CDT,21,29.37432543653250791,100,0.29374325436532506,Blake Perkins,663368,0.3123291139240506,21
2026,2026-04-09 19:00:00 CDT,22,29.70432543653250791,100,0.2970432543653251,Blake Perkins,663368,0.3123291139240506,22
2026,2026-04-09 19:00:00 CDT,23,29.70432543653250791,100,0.2970432543653251,Blake Perkins,663368,0.3123291139240506,23
2026,2026-04-09 19:00:00 CDT,24,29.82632543653250791,100,0.2982632543653251,Blake Perkins,663368,0.3123291139240506,24
2026,2026-04-09 19:00:00 CDT,25,29.49187143653250791,100,0.2949187143653251,Blake Perkins,663368,0.3123291139240506,25
2026,2026-04-06 19:00:00 CDT,26,29.56587143653250791,100,0.2956587143653251,Blake Perkins,663368,0.3123291139240506,26
2026,2026-04-06 19:00:00 CDT,27,29.44887143653250791,100,0.2944887143653251,Blake Perkins,663368,0.3123291139240506,27
2026,2026-04-06 19:00:00 CDT,28,29.20341743653250799,100,0.2920341743653251,Blake Perkins,663368,0.3123291139240506,28
2026,2026-04-06 19:00:00 CDT,29,29.19041743653250799,100,0.29190417436532506,Blake Perkins,663368,0.3123291139240506,29
2026,2026-04-05 19:00:00 CDT,30,28.71141743653250799,100,0.2871141743653251,Blake Perkins,663368,0.3123291139240506,30
2026,2026-04-05 19:00:00 CDT,31,28.74241743653250799,100,0.2874241743653251,Blake Perkins,663368,0.3123291139240506,31
2026,2026-04-05 19:00:00 CDT,32,29.43391443653250799,100,0.2943391443653251,Blake Perkins,663368,0.3123291139240506,32
2026,2026-04-05 19:00:00 CDT,33,29.65891443653250799,100,0.2965891443653251,Blake Perkins,663368,0.3123291139240506,33
2026,2026-04-04 19:00:00 CDT,34,30.43091443653250799,100,0.3043091443653251,Blake Perkins,663368,0.3123291139240506,34
2026,2026-04-04 19:00:00 CDT,35,30.69991443653250799,100,0.3069991443653251,Blake Perkins,663368,0.3123291139240506,35
2026,2026-04-04 19:00:00 CDT,36,31.02691443653250799,100,0.3102691443653251,Blake Perkins,663368,0.3123291139240506,36
2026,2026-04-04 19:00:00 CDT,37,31.42391443653250799,100,0.3142391443653251,Blake Perkins,663368,0.3123291139240506,37
2026,2026-04-04 19:00:00 CDT,38,30.93891443653250799,100,0.30938914436532505,Blake Perkins,663368,0.3123291139240506,38
2026,2026-04-03 19:00:00 CDT,39,30.93891443653250799,100,0.30938914436532505,Blake Perkins,663368,0.3123291139240506,39
2026,2026-04-03 19:00:00 CDT,40,31.63041143653250799,100,0.3163041143653251,Blake Perkins,663368,0.3123291139240506,40
2026,2026-04-03 19:00:00 CDT,41,31.95541143653250799,100,0.3195541143653251,Blake Perkins,663368,0.3123291139240506,41
2026,2026-04-03 19:00:00 CDT,42,31.81095743653250799,100,0.31810957436532505,Blake Perkins,663368,0.3123291139240506,42
2026,2026-03-31 19:00:00 CDT,43,31.81095743653250799,100,0.31810957436532505,Blake Perkins,663368,0.3123291139240506,43
2026,2026-03-31 19:00:00 CDT,44,31.79095743653250799,100,0.3179095743653251,Blake Perkins,663368,0.3123291139240506,44
2026,2026-03-31 19:00:00 CDT,45,32.17295743653250799,100,0.32172957436532507,Blake Perkins,663368,0.3123291139240506,45
2026,2026-03-31 19:00:00 CDT,46,32.38295743653250799,100,0.32382957436532506,Blake Perkins,663368,0.3123291139240506,46
2026,2026-03-29 19:00:00 CDT,47,31.90095743653250799,100,0.31900957436532507,Blake Perkins,663368,0.3123291139240506,47
2026,2026-03-28 19:00:00 CDT,48,31.35395743653250799,100,0.3135395743653251,Blake Perkins,663368,0.3123291139240506,48
2026,2026-03-28 19:00:00 CDT,49,30.64550343653250799,100,0.30645503436532506,Blake Perkins,663368,0.3123291139240506,49
2026,2026-03-28 19:00:00 CDT,50,30.63750343653250799,100,0.3063750343653251,Blake Perkins,663368,0.3123291139240506,50
2026,2026-03-28 19:00:00 CDT,51,29.98650343653250799,100,0.2998650343653251,Blake Perkins,663368,0.3123291139240506,51
2026,2026-03-25 19:00:00 CDT,52,29.97150343653250799,100,0.2997150343653251,Blake Perkins,663368,0.3123291139240506,52
2025,2025-10-16 19:00:00 CDT,53,29.96850343653250799,100,0.29968503436532506,Blake Perkins,663368,0.3123291139240506,53
2025,2025-10-16 19:00:00 CDT,54,30.66000043653250799,100,0.3066000043653251,Blake Perkins,663368,0.3123291139240506,54
2025,2025-10-10 19:00:00 CDT,55,30.25450343653250799,100,0.3025450343653251,Blake Perkins,663368,0.3123291139240506,55
2025,2025-10-10 19:00:00 CDT,56,30.31250343653250799,100,0.30312503436532506,Blake Perkins,663368,0.3123291139240506,56
2025,2025-10-10 19:00:00 CDT,57,29.62100643653250799,100,0.2962100643653251,Blake Perkins,663368,0.3123291139240506,57
2025,2025-10-08 19:00:00 CDT,58,28.87323370925978075,100,0.2887323370925978,Blake Perkins,663368,0.3123291139240506,58
2025,2025-10-08 19:00:00 CDT,59,28.94523370925978075,100,0.2894523370925978,Blake Perkins,663368,0.3123291139240506,59
2025,2025-10-08 19:00:00 CDT,60,28.48773670925978075,100,0.2848773670925978,Blake Perkins,663368,0.3123291139240506,60
2025,2025-10-07 19:00:00 CDT,61,28.44973670925978075,100,0.2844973670925978,Blake Perkins,663368,0.3123291139240506,61
2025,2025-10-07 19:00:00 CDT,62,28.64973670925978075,100,0.2864973670925978,Blake Perkins,663368,0.3123291139240506,62
2025,2025-10-05 19:00:00 CDT,63,28.99873670925978075,100,0.2899873670925978,Blake Perkins,663368,0.3123291139240506,63
2025,2025-10-05 19:00:00 CDT,64,29.06602570925978075,100,0.2906602570925978,Blake Perkins,663368,0.3123291139240506,64
2025,2025-10-05 19:00:00 CDT,65,29.37452270925978075,100,0.2937452270925978,Blake Perkins,663368,0.3123291139240506,65
2025,2025-10-05 19:00:00 CDT,66,29.40952270925978075,100,0.29409522709259783,Blake Perkins,663368,0.3123291139240506,66
2025,2025-10-03 19:00:00 CDT,67,30.10101970925978075,100,0.3010101970925978,Blake Perkins,663368,0.3123291139240506,67
2025,2025-10-03 19:00:00 CDT,68,29.23795910319917456,100,0.29237959103199174,Blake Perkins,663368,0.3123291139240506,68
2025,2025-10-03 19:00:00 CDT,69,29.94295910319917456,100,0.29942959103199174,Blake Perkins,663368,0.3123291139240506,69
2025,2025-10-03 19:00:00 CDT,70,29.62195910319917456,100,0.29621959103199175,Blake Perkins,663368,0.3123291139240506,70
2025,2025-09-27 19:00:00 CDT,71,29.12995910319917456,100,0.29129959103199177,Blake Perkins,663368,0.3123291139240506,71
2025,2025-09-26 19:00:00 CDT,72,29.12995910319917456,100,0.29129959103199177,Blake Perkins,663368,0.3123291139240506,72
2025,2025-09-26 19:00:00 CDT,73,28.75195910319917456,100,0.28751959103199176,Blake Perkins,663368,0.3123291139240506,73
2025,2025-09-22 19:00:00 CDT,74,28.46495910319917456,100,0.2846495910319917,Blake Perkins,663368,0.3123291139240506,74
2025,2025-09-22 19:00:00 CDT,75,27.97095910319917456,100,0.2797095910319917,Blake Perkins,663368,0.3123291139240506,75
2025,2025-09-22 19:00:00 CDT,76,27.68395910319917456,100,0.27683959103199174,Blake Perkins,663368,0.3123291139240506,76
2025,2025-09-21 19:00:00 CDT,77,27.81995910319917456,100,0.27819959103199177,Blake Perkins,663368,0.3123291139240506,77
2025,2025-09-20 19:00:00 CDT,78,27.92295910319917456,100,0.27922959103199174,Blake Perkins,663368,0.3123291139240506,78
2025,2025-09-20 19:00:00 CDT,79,27.21695910319917456,100,0.27216959103199173,Blake Perkins,663368,0.3123291139240506,79
2025,2025-09-20 19:00:00 CDT,80,27.53595910319917456,100,0.27535959103199176,Blake Perkins,663368,0.3123291139240506,80
2025,2025-09-17 19:00:00 CDT,81,27.04895910319917456,100,0.27048959103199177,Blake Perkins,663368,0.3123291139240506,81
2025,2025-09-17 19:00:00 CDT,82,26.78795910319917456,100,0.26787959103199177,Blake Perkins,663368,0.3123291139240506,82
2025,2025-09-17 19:00:00 CDT,83,26.39846210319917456,100,0.2639846210319918,Blake Perkins,663368,0.3123291139240506,83
2025,2025-09-17 19:00:00 CDT,84,26.07546210319917456,100,0.26075462103199176,Blake Perkins,663368,0.3123291139240506,84
2025,2025-09-16 19:00:00 CDT,85,26.66177789267285889,100,0.2666177789267286,Blake Perkins,663368,0.3123291139240506,85
2025,2025-09-16 19:00:00 CDT,86,26.87777789267285889,100,0.2687777789267286,Blake Perkins,663368,0.3123291139240506,86
2025,2025-09-16 19:00:00 CDT,87,27.32111122600619221,100,0.2732111122600619,Blake Perkins,663368,0.3123291139240506,87
2025,2025-09-16 19:00:00 CDT,88,27.87511122600619221,100,0.27875111226006194,Blake Perkins,663368,0.3123291139240506,88
2025,2025-09-15 19:00:00 CDT,89,27.95611122600619221,100,0.2795611122600619,Blake Perkins,663368,0.3123291139240506,89
2025,2025-09-15 19:00:00 CDT,90,27.52261422600619221,100,0.2752261422600619,Blake Perkins,663368,0.3123291139240506,90
2025,2025-09-15 19:00:00 CDT,91,27.86061422600619221,100,0.2786061422600619,Blake Perkins,663368,0.3123291139240506,91
2025,2025-09-15 19:00:00 CDT,92,28.10061422600619221,100,0.28100614226006193,Blake Perkins,663368,0.3123291139240506,92
2025,2025-09-13 19:00:00 CDT,93,27.97361422600619221,100,0.27973614226006194,Blake Perkins,663368,0.3123291139240506,93
2025,2025-09-13 19:00:00 CDT,94,27.98261422600619221,100,0.2798261422600619,Blake Perkins,663368,0.3123291139240506,94
2025,2025-09-09 19:00:00 CDT,95,27.45661422600619221,100,0.27456614226006193,Blake Perkins,663368,0.3123291139240506,95
2025,2025-09-09 19:00:00 CDT,96,27.45661422600619221,100,0.27456614226006193,Blake Perkins,663368,0.3123291139240506,96
2025,2025-09-09 19:00:00 CDT,97,27.90561422600619221,100,0.2790561422600619,Blake Perkins,663368,0.3123291139240506,97
2025,2025-09-09 19:00:00 CDT,98,27.99011122600619221,100,0.2799011122600619,Blake Perkins,663368,0.3123291139240506,98
2025,2025-09-07 19:00:00 CDT,99,28.68160822600619221,100,0.28681608226006194,Blake Perkins,663368,0.3123291139240506,99
2025,2025-09-07 19:00:00 CDT,100,27.99260822600619221,100,0.27992608226006194,Blake Perkins,663368,0.3123291139240506,100
2026,2026-05-01 19:00:00 CDT,1,43.962534,100,0.43962534,Brice Turang,668930,0.3123291139240506,1
2026,2026-05-01 19:00:00 CDT,2,44.023534,100,0.44023534,Brice Turang,668930,0.3123291139240506,2
2026,2026-05-01 19:00:00 CDT,3,43.115534,100,0.43115534,Brice Turang,668930,0.3123291139240506,3
2026,2026-05-01 19:00:00 CDT,4,42.407080,100,0.4240708,Brice Turang,668930,0.3123291139240506,4
2026,2026-05-01 19:00:00 CDT,5,41.698626,100,0.41698626,Brice Turang,668930,0.3123291139240506,5
2026,2026-04-30 19:00:00 CDT,6,41.597626,100,0.41597626,Brice Turang,668930,0.3123291139240506,6
2026,2026-04-30 19:00:00 CDT,7,41.543626,100,0.41543626,Brice Turang,668930,0.3123291139240506,7
2026,2026-04-30 19:00:00 CDT,8,42.134626,100,0.42134626,Brice Turang,668930,0.3123291139240506,8
2026,2026-04-30 19:00:00 CDT,9,42.661080,100,0.4266108,Brice Turang,668930,0.3123291139240506,9
2026,2026-04-30 19:00:00 CDT,10,41.952626,100,0.41952626,Brice Turang,668930,0.3123291139240506,10
2026,2026-04-29 19:00:00 CDT,11,41.533626,100,0.41533626,Brice Turang,668930,0.3123291139240506,11
2026,2026-04-29 19:00:00 CDT,12,40.825172,100,0.40825172,Brice Turang,668930,0.3123291139240506,12
2026,2026-04-29 19:00:00 CDT,13,40.825172,100,0.40825172,Brice Turang,668930,0.3123291139240506,13
2026,2026-04-29 19:00:00 CDT,14,41.617172,100,0.41617172,Brice Turang,668930,0.3123291139240506,14
2026,2026-04-29 19:00:00 CDT,15,41.327172,100,0.41327172,Brice Turang,668930,0.3123291139240506,15
2026,2026-04-28 19:00:00 CDT,16,42.026626,100,0.42026626,Brice Turang,668930,0.3123291139240506,16
2026,2026-04-28 19:00:00 CDT,17,42.475626,100,0.42475626,Brice Turang,668930,0.3123291139240506,17
2026,2026-04-28 19:00:00 CDT,18,42.418626,100,0.42418626,Brice Turang,668930,0.3123291139240506,18
2026,2026-04-28 19:00:00 CDT,19,42.195626,100,0.42195626,Brice Turang,668930,0.3123291139240506,19
2026,2026-04-27 19:00:00 CDT,20,41.950080,100,0.4195008,Brice Turang,668930,0.3123291139240506,20
2026,2026-04-27 19:00:00 CDT,21,41.543626,100,0.41543626,Brice Turang,668930,0.3123291139240506,21
2026,2026-04-27 19:00:00 CDT,22,40.333626,100,0.40333626,Brice Turang,668930,0.3123291139240506,22
2026,2026-04-27 19:00:00 CDT,23,40.124626,100,0.40124626,Brice Turang,668930,0.3123291139240506,23
2026,2026-04-25 19:00:00 CDT,24,40.130626,100,0.40130626,Brice Turang,668930,0.3123291139240506,24
2026,2026-04-25 19:00:00 CDT,25,40.001626,100,0.40001626,Brice Turang,668930,0.3123291139240506,25
2026,2026-04-25 19:00:00 CDT,26,39.563626,100,0.39563626,Brice Turang,668930,0.3123291139240506,26
2026,2026-04-25 19:00:00 CDT,27,39.563626,100,0.39563626,Brice Turang,668930,0.3123291139240506,27
2026,2026-04-24 19:00:00 CDT,28,39.633626,100,0.39633626,Brice Turang,668930,0.3123291139240506,28
2026,2026-04-24 19:00:00 CDT,29,40.191626,100,0.40191626,Brice Turang,668930,0.3123291139240506,29
2026,2026-04-24 19:00:00 CDT,30,41.255172,100,0.41255172,Brice Turang,668930,0.3123291139240506,30
2026,2026-04-24 19:00:00 CDT,31,40.333172,100,0.40333172,Brice Turang,668930,0.3123291139240506,31
2026,2026-04-24 19:00:00 CDT,32,39.592172,100,0.39592172,Brice Turang,668930,0.3123291139240506,32
2026,2026-04-23 19:00:00 CDT,33,40.300626,100,0.40300626,Brice Turang,668930,0.3123291139240506,33
2026,2026-04-23 19:00:00 CDT,34,40.066172,100,0.40066172,Brice Turang,668930,0.3123291139240506,34
2026,2026-04-23 19:00:00 CDT,35,40.397172,100,0.40397172,Brice Turang,668930,0.3123291139240506,35
2026,2026-04-23 19:00:00 CDT,36,40.397172,100,0.40397172,Brice Turang,668930,0.3123291139240506,36
2026,2026-04-22 19:00:00 CDT,37,40.865172,100,0.40865172,Brice Turang,668930,0.3123291139240506,37
2026,2026-04-22 19:00:00 CDT,38,40.664172,100,0.40664172,Brice Turang,668930,0.3123291139240506,38
2026,2026-04-22 19:00:00 CDT,39,40.602172,100,0.40602172,Brice Turang,668930,0.3123291139240506,39
2026,2026-04-22 19:00:00 CDT,40,41.232172,100,0.41232172,Brice Turang,668930,0.3123291139240506,40
2026,2026-04-21 19:00:00 CDT,41,41.923669,100,0.41923669,Brice Turang,668930,0.3123291139240506,41
2026,2026-04-21 19:00:00 CDT,42,41.845669,100,0.41845669,Brice Turang,668930,0.3123291139240506,42
2026,2026-04-21 19:00:00 CDT,43,42.414669,100,0.42414669,Brice Turang,668930,0.3123291139240506,43
2026,2026-04-21 19:00:00 CDT,44,41.706215,100,0.41706215,Brice Turang,668930,0.3123291139240506,44
2026,2026-04-21 19:00:00 CDT,45,40.997761,100,0.40997761,Brice Turang,668930,0.3123291139240506,45
2026,2026-04-20 19:00:00 CDT,46,41.407761,100,0.41407761,Brice Turang,668930,0.3123291139240506,46
2026,2026-04-20 19:00:00 CDT,47,40.634761,100,0.40634761,Brice Turang,668930,0.3123291139240506,47
2026,2026-04-20 19:00:00 CDT,48,41.016761,100,0.41016761,Brice Turang,668930,0.3123291139240506,48
2026,2026-04-20 19:00:00 CDT,49,40.265761,100,0.40265761,Brice Turang,668930,0.3123291139240506,49
2026,2026-04-20 19:00:00 CDT,50,40.018761,100,0.40018761,Brice Turang,668930,0.3123291139240506,50
2026,2026-04-20 19:00:00 CDT,51,39.450761,100,0.39450761,Brice Turang,668930,0.3123291139240506,51
2026,2026-04-18 19:00:00 CDT,52,39.397761,100,0.39397761,Brice Turang,668930,0.3123291139240506,52
2026,2026-04-18 19:00:00 CDT,53,38.714307,100,0.38714307,Brice Turang,668930,0.3123291139240506,53
2026,2026-04-18 19:00:00 CDT,54,40.5054984893617022,100,0.405054984893617,Brice Turang,668930,0.3123291139240506,54
2026,2026-04-18 19:00:00 CDT,55,39.5674984893617022,100,0.395674984893617,Brice Turang,668930,0.3123291139240506,55
2026,2026-04-17 19:00:00 CDT,56,38.9304984893617022,100,0.38930498489361703,Brice Turang,668930,0.3123291139240506,56
2026,2026-04-17 19:00:00 CDT,57,38.75071115602836882,100,0.38750711156028367,Brice Turang,668930,0.3123291139240506,57
2026,2026-04-17 19:00:00 CDT,58,38.13671115602836882,100,0.3813671115602837,Brice Turang,668930,0.3123291139240506,58
2026,2026-04-17 19:00:00 CDT,59,36.70571115602836882,100,0.3670571115602837,Brice Turang,668930,0.3123291139240506,59
2026,2026-04-17 19:00:00 CDT,60,35.99725715602836882,100,0.35997257156028367,Brice Turang,668930,0.3123291139240506,60
2026,2026-04-16 19:00:00 CDT,61,35.76025715602836882,100,0.3576025715602837,Brice Turang,668930,0.3123291139240506,61
2026,2026-04-16 19:00:00 CDT,62,35.76025715602836882,100,0.3576025715602837,Brice Turang,668930,0.3123291139240506,62
2026,2026-04-16 19:00:00 CDT,63,35.05180315602836882,100,0.35051803156028366,Brice Turang,668930,0.3123291139240506,63
2026,2026-04-16 19:00:00 CDT,64,35.12180315602836882,100,0.3512180315602837,Brice Turang,668930,0.3123291139240506,64
2026,2026-04-16 19:00:00 CDT,65,35.55230015602836882,100,0.3555230015602837,Brice Turang,668930,0.3123291139240506,65
2026,2026-04-15 19:00:00 CDT,66,35.22230015602836882,100,0.3522230015602837,Brice Turang,668930,0.3123291139240506,66
2026,2026-04-15 19:00:00 CDT,67,35.19330015602836882,100,0.3519330015602837,Brice Turang,668930,0.3123291139240506,67
2026,2026-04-15 19:00:00 CDT,68,35.20530015602836882,100,0.3520530015602837,Brice Turang,668930,0.3123291139240506,68
2026,2026-04-15 19:00:00 CDT,69,33.61930015602836882,100,0.3361930015602837,Brice Turang,668930,0.3123291139240506,69
2026,2026-04-14 19:00:00 CDT,70,33.61930015602836882,100,0.3361930015602837,Brice Turang,668930,0.3123291139240506,70
2026,2026-04-14 19:00:00 CDT,71,34.26930015602836882,100,0.3426930015602837,Brice Turang,668930,0.3123291139240506,71
2026,2026-04-14 19:00:00 CDT,72,33.56084615602836882,100,0.3356084615602837,Brice Turang,668930,0.3123291139240506,72
2026,2026-04-14 19:00:00 CDT,73,33.20384615602836882,100,0.3320384615602837,Brice Turang,668930,0.3123291139240506,73
2026,2026-04-13 19:00:00 CDT,74,33.46684615602836882,100,0.3346684615602837,Brice Turang,668930,0.3123291139240506,74
2026,2026-04-13 19:00:00 CDT,75,33.11384615602836882,100,0.3311384615602837,Brice Turang,668930,0.3123291139240506,75
2026,2026-04-13 19:00:00 CDT,76,33.63934315602836882,100,0.3363934315602837,Brice Turang,668930,0.3123291139240506,76
2026,2026-04-13 19:00:00 CDT,77,34.33084015602836882,100,0.3433084015602837,Brice Turang,668930,0.3123291139240506,77
2026,2026-04-13 19:00:00 CDT,78,35.20384015602836882,100,0.3520384015602837,Brice Turang,668930,0.3123291139240506,78
2026,2026-04-13 19:00:00 CDT,79,34.49284015602836882,100,0.3449284015602837,Brice Turang,668930,0.3123291139240506,79
2026,2026-04-11 19:00:00 CDT,80,35.18433715602836882,100,0.35184337156028367,Brice Turang,668930,0.3123291139240506,80
2026,2026-04-11 19:00:00 CDT,81,35.36433715602836882,100,0.3536433715602837,Brice Turang,668930,0.3123291139240506,81
2026,2026-04-11 19:00:00 CDT,82,35.09132760047281329,100,0.35091327600472816,Brice Turang,668930,0.3123291139240506,82
2026,2026-04-11 19:00:00 CDT,83,33.10232760047281329,100,0.33102327600472814,Brice Turang,668930,0.3123291139240506,83
2026,2026-04-11 19:00:00 CDT,84,31.62432760047281329,100,0.3162432760047281,Brice Turang,668930,0.3123291139240506,84
2026,2026-04-10 19:00:00 CDT,85,30.76132760047281329,100,0.30761327600472815,Brice Turang,668930,0.3123291139240506,85
2026,2026-04-10 19:00:00 CDT,86,31.06132760047281329,100,0.31061327600472816,Brice Turang,668930,0.3123291139240506,86
2026,2026-04-10 19:00:00 CDT,87,30.35287360047281329,100,0.30352873600472813,Brice Turang,668930,0.3123291139240506,87
2026,2026-04-10 19:00:00 CDT,88,31.24687360047281329,100,0.31246873600472813,Brice Turang,668930,0.3123291139240506,88
2026,2026-04-09 19:00:00 CDT,89,31.99387360047281329,100,0.3199387360047281,Brice Turang,668930,0.3123291139240506,89
2026,2026-04-09 19:00:00 CDT,90,32.16587360047281329,100,0.3216587360047281,Brice Turang,668930,0.3123291139240506,90
2026,2026-04-09 19:00:00 CDT,91,31.88787360047281329,100,0.31887873600472816,Brice Turang,668930,0.3123291139240506,91
2026,2026-04-09 19:00:00 CDT,92,32.88704751351629165,100,0.32887047513516293,Brice Turang,668930,0.3123291139240506,92
2026,2026-04-05 19:00:00 CDT,93,32.17859351351629165,100,0.3217859351351629,Brice Turang,668930,0.3123291139240506,93
2026,2026-04-05 19:00:00 CDT,94,31.99359351351629165,100,0.31993593513516294,Brice Turang,668930,0.3123291139240506,94
2026,2026-04-05 19:00:00 CDT,95,31.97663651351629165,100,0.31976636513516293,Brice Turang,668930,0.3123291139240506,95
2026,2026-04-05 19:00:00 CDT,96,31.91963651351629165,100,0.3191963651351629,Brice Turang,668930,0.3123291139240506,96
2026,2026-04-05 19:00:00 CDT,97,31.58518251351629165,100,0.3158518251351629,Brice Turang,668930,0.3123291139240506,97
2026,2026-04-05 19:00:00 CDT,98,32.02167951351629165,100,0.32021679513516293,Brice Turang,668930,0.3123291139240506,98
2026,2026-04-04 19:00:00 CDT,99,31.71767951351629165,100,0.3171767951351629,Brice Turang,668930,0.3123291139240506,99
2026,2026-04-04 19:00:00 CDT,100,31.05022551351629165,100,0.31050225513516294,Brice Turang,668930,0.3123291139240506,100
2026,2026-05-02 19:00:00 CDT,1,33.068724,100,0.33068724,William Contreras,661388,0.3123291139240506,1
2026,2026-05-02 19:00:00 CDT,2,32.800724,100,0.32800724,William Contreras,661388,0.3123291139240506,2
2026,2026-05-02 19:00:00 CDT,3,32.481724,100,0.32481724,William Contreras,661388,0.3123291139240506,3
2026,2026-05-02 19:00:00 CDT,4,33.187724,100,0.33187724,William Contreras,661388,0.3123291139240506,4
2026,2026-05-01 19:00:00 CDT,5,33.828178,100,0.33828178,William Contreras,661388,0.3123291139240506,5
2026,2026-05-01 19:00:00 CDT,6,34.442632,100,0.34442632,William Contreras,661388,0.3123291139240506,6
2026,2026-05-01 19:00:00 CDT,7,34.449632,100,0.34449632,William Contreras,661388,0.3123291139240506,7
2026,2026-05-01 19:00:00 CDT,8,34.393632,100,0.34393632,William Contreras,661388,0.3123291139240506,8
2026,2026-04-30 19:00:00 CDT,9,33.599632,100,0.33599632,William Contreras,661388,0.3123291139240506,9
2026,2026-04-30 19:00:00 CDT,10,33.497632,100,0.33497632,William Contreras,661388,0.3123291139240506,10
2026,2026-04-30 19:00:00 CDT,11,33.896086,100,0.33896086,William Contreras,661388,0.3123291139240506,11
2026,2026-04-30 19:00:00 CDT,12,33.893086,100,0.33893086,William Contreras,661388,0.3123291139240506,12
2026,2026-04-30 19:00:00 CDT,13,33.087086,100,0.33087086,William Contreras,661388,0.3123291139240506,13
2026,2026-04-29 19:00:00 CDT,14,33.196086,100,0.33196086,William Contreras,661388,0.3123291139240506,14
2026,2026-04-29 19:00:00 CDT,15,33.318086,100,0.33318086,William Contreras,661388,0.3123291139240506,15
2026,2026-04-29 19:00:00 CDT,16,33.388632,100,0.33388632,William Contreras,661388,0.3123291139240506,16
2026,2026-04-29 19:00:00 CDT,17,32.516632,100,0.32516632,William Contreras,661388,0.3123291139240506,17
2026,2026-04-29 19:00:00 CDT,18,30.677632,100,0.30677632,William Contreras,661388,0.3123291139240506,18
2026,2026-04-28 19:00:00 CDT,19,30.579632,100,0.30579632,William Contreras,661388,0.3123291139240506,19
2026,2026-04-28 19:00:00 CDT,20,31.112632,100,0.31112632,William Contreras,661388,0.3123291139240506,20
2026,2026-04-28 19:00:00 CDT,21,32.208632,100,0.32208632,William Contreras,661388,0.3123291139240506,21
2026,2026-04-28 19:00:00 CDT,22,32.839632,100,0.32839632,William Contreras,661388,0.3123291139240506,22
2026,2026-04-27 19:00:00 CDT,23,32.839632,100,0.32839632,William Contreras,661388,0.3123291139240506,23
2026,2026-04-27 19:00:00 CDT,24,32.838632,100,0.32838632,William Contreras,661388,0.3123291139240506,24
2026,2026-04-27 19:00:00 CDT,25,32.748632,100,0.32748632,William Contreras,661388,0.3123291139240506,25
2026,2026-04-27 19:00:00 CDT,26,32.866086,100,0.32866086,William Contreras,661388,0.3123291139240506,26
2026,2026-04-27 19:00:00 CDT,27,32.589086,100,0.32589086,William Contreras,661388,0.3123291139240506,27
2026,2026-04-25 19:00:00 CDT,28,32.592632,100,0.32592632,William Contreras,661388,0.3123291139240506,28
2026,2026-04-25 19:00:00 CDT,29,33.660632,100,0.33660632,William Contreras,661388,0.3123291139240506,29
2026,2026-04-25 19:00:00 CDT,30,33.532632,100,0.33532632,William Contreras,661388,0.3123291139240506,30
2026,2026-04-25 19:00:00 CDT,31,32.723632,100,0.32723632,William Contreras,661388,0.3123291139240506,31
2026,2026-04-24 19:00:00 CDT,32,33.202086,100,0.33202086,William Contreras,661388,0.3123291139240506,32
2026,2026-04-24 19:00:00 CDT,33,33.204086,100,0.33204086,William Contreras,661388,0.3123291139240506,33
2026,2026-04-24 19:00:00 CDT,34,32.947086,100,0.32947086,William Contreras,661388,0.3123291139240506,34
2026,2026-04-24 19:00:00 CDT,35,33.599540,100,0.3359954,William Contreras,661388,0.3123291139240506,35
2026,2026-04-24 19:00:00 CDT,36,34.153540,100,0.3415354,William Contreras,661388,0.3123291139240506,36
2026,2026-04-23 19:00:00 CDT,37,34.272540,100,0.3427254,William Contreras,661388,0.3123291139240506,37
2026,2026-04-23 19:00:00 CDT,38,33.545540,100,0.3354554,William Contreras,661388,0.3123291139240506,38
2026,2026-04-23 19:00:00 CDT,39,33.646540,100,0.3364654,William Contreras,661388,0.3123291139240506,39
2026,2026-04-23 19:00:00 CDT,40,33.590540,100,0.3359054,William Contreras,661388,0.3123291139240506,40
2026,2026-04-22 19:00:00 CDT,41,33.575540,100,0.3357554,William Contreras,661388,0.3123291139240506,41
2026,2026-04-22 19:00:00 CDT,42,33.505540,100,0.3350554,William Contreras,661388,0.3123291139240506,42
2026,2026-04-22 19:00:00 CDT,43,33.514540,100,0.3351454,William Contreras,661388,0.3123291139240506,43
2026,2026-04-22 19:00:00 CDT,44,32.675540,100,0.3267554,William Contreras,661388,0.3123291139240506,44
2026,2026-04-21 19:00:00 CDT,45,33.332037,100,0.33332037,William Contreras,661388,0.3123291139240506,45
2026,2026-04-21 19:00:00 CDT,46,33.310037,100,0.33310037,William Contreras,661388,0.3123291139240506,46
2026,2026-04-21 19:00:00 CDT,47,33.357037,100,0.33357037,William Contreras,661388,0.3123291139240506,47
2026,2026-04-21 19:00:00 CDT,48,33.811037,100,0.33811037,William Contreras,661388,0.3123291139240506,48
2026,2026-04-20 19:00:00 CDT,49,34.159037,100,0.34159037,William Contreras,661388,0.3123291139240506,49
2026,2026-04-20 19:00:00 CDT,50,34.362534,100,0.34362534,William Contreras,661388,0.3123291139240506,50
2026,2026-04-20 19:00:00 CDT,51,33.651534,100,0.33651534,William Contreras,661388,0.3123291139240506,51
2026,2026-04-20 19:00:00 CDT,52,33.777534,100,0.33777534,William Contreras,661388,0.3123291139240506,52
2026,2026-04-20 19:00:00 CDT,53,33.123534,100,0.33123534,William Contreras,661388,0.3123291139240506,53
2026,2026-04-18 19:00:00 CDT,54,33.35644309090909087,100,0.3335644309090909,William Contreras,661388,0.3123291139240506,54
2026,2026-04-17 19:00:00 CDT,55,33.80444309090909087,100,0.3380444309090909,William Contreras,661388,0.3123291139240506,55
2026,2026-04-17 19:00:00 CDT,56,33.76544309090909087,100,0.3376544309090909,William Contreras,661388,0.3123291139240506,56
2026,2026-04-17 19:00:00 CDT,57,35.07220499567099587,100,0.35072204995670997,William Contreras,661388,0.3123291139240506,57
2026,2026-04-17 19:00:00 CDT,58,35.14720499567099587,100,0.35147204995670994,William Contreras,661388,0.3123291139240506,58
2026,2026-04-17 19:00:00 CDT,59,34.90075099567099587,100,0.34900750995671,William Contreras,661388,0.3123291139240506,59
2026,2026-04-16 19:00:00 CDT,60,34.86575099567099587,100,0.34865750995670997,William Contreras,661388,0.3123291139240506,60
2026,2026-04-16 19:00:00 CDT,61,35.07275099567099587,100,0.35072750995671,William Contreras,661388,0.3123291139240506,61
2026,2026-04-16 19:00:00 CDT,62,34.75124799567099587,100,0.34751247995671,William Contreras,661388,0.3123291139240506,62
2026,2026-04-16 19:00:00 CDT,63,34.80124799567099587,100,0.34801247995671,William Contreras,661388,0.3123291139240506,63
2026,2026-04-16 19:00:00 CDT,64,33.93024799567099587,100,0.33930247995671,William Contreras,661388,0.3123291139240506,64
2026,2026-04-15 19:00:00 CDT,65,33.82424799567099587,100,0.33824247995671,William Contreras,661388,0.3123291139240506,65
2026,2026-04-15 19:00:00 CDT,66,33.82524799567099587,100,0.33825247995671,William Contreras,661388,0.3123291139240506,66
2026,2026-04-15 19:00:00 CDT,67,32.88324799567099587,100,0.32883247995670994,William Contreras,661388,0.3123291139240506,67
2026,2026-04-15 19:00:00 CDT,68,33.95228247842961657,100,0.3395228247842962,William Contreras,661388,0.3123291139240506,68
2026,2026-04-14 19:00:00 CDT,69,34.59828247842961657,100,0.34598282478429615,William Contreras,661388,0.3123291139240506,69
2026,2026-04-14 19:00:00 CDT,70,35.02428247842961657,100,0.3502428247842962,William Contreras,661388,0.3123291139240506,70
2026,2026-04-14 19:00:00 CDT,71,34.97528247842961657,100,0.34975282478429615,William Contreras,661388,0.3123291139240506,71
2026,2026-04-14 19:00:00 CDT,72,34.99628247842961657,100,0.3499628247842962,William Contreras,661388,0.3123291139240506,72
2026,2026-04-13 19:00:00 CDT,73,35.13328247842961657,100,0.35133282478429617,William Contreras,661388,0.3123291139240506,73
2026,2026-04-13 19:00:00 CDT,74,35.62328247842961657,100,0.3562328247842962,William Contreras,661388,0.3123291139240506,74
2026,2026-04-13 19:00:00 CDT,75,35.17428247842961657,100,0.3517428247842962,William Contreras,661388,0.3123291139240506,75
2026,2026-04-13 19:00:00 CDT,76,35.15928247842961657,100,0.35159282478429615,William Contreras,661388,0.3123291139240506,76
2026,2026-04-13 19:00:00 CDT,77,34.81828247842961657,100,0.3481828247842962,William Contreras,661388,0.3123291139240506,77
2026,2026-04-13 19:00:00 CDT,78,35.36828247842961657,100,0.3536828247842962,William Contreras,661388,0.3123291139240506,78
2026,2026-04-11 19:00:00 CDT,79,34.81882847842961657,100,0.34818828478429614,William Contreras,661388,0.3123291139240506,79
2026,2026-04-11 19:00:00 CDT,80,35.00582847842961657,100,0.3500582847842962,William Contreras,661388,0.3123291139240506,80
2026,2026-04-11 19:00:00 CDT,81,34.29737447842961657,100,0.34297374478429615,William Contreras,661388,0.3123291139240506,81
2026,2026-04-11 19:00:00 CDT,82,34.29837447842961657,100,0.34298374478429616,William Contreras,661388,0.3123291139240506,82
2026,2026-04-11 19:00:00 CDT,83,33.83737447842961665,100,0.33837374478429616,William Contreras,661388,0.3123291139240506,83
2026,2026-04-10 19:00:00 CDT,84,33.93037447842961665,100,0.33930374478429615,William Contreras,661388,0.3123291139240506,84
2026,2026-04-10 19:00:00 CDT,85,33.21337447842961665,100,0.3321337447842962,William Contreras,661388,0.3123291139240506,85
2026,2026-04-10 19:00:00 CDT,86,33.74387147842961665,100,0.33743871478429616,William Contreras,661388,0.3123291139240506,86
2026,2026-04-10 19:00:00 CDT,87,34.18087147842961665,100,0.34180871478429614,William Contreras,661388,0.3123291139240506,87
2026,2026-04-09 19:00:00 CDT,88,34.49736847842961665,100,0.3449736847842962,William Contreras,661388,0.3123291139240506,88
2026,2026-04-09 19:00:00 CDT,89,35.43422562128675975,100,0.3543422562128676,William Contreras,661388,0.3123291139240506,89
2026,2026-04-09 19:00:00 CDT,90,35.46022562128675975,100,0.3546022562128676,William Contreras,661388,0.3123291139240506,90
2026,2026-04-09 19:00:00 CDT,91,35.07122562128675975,100,0.3507122562128676,William Contreras,661388,0.3123291139240506,91
2026,2026-04-06 19:00:00 CDT,92,35.35322562128675975,100,0.3535322562128676,William Contreras,661388,0.3123291139240506,92
2026,2026-04-06 19:00:00 CDT,93,35.22122562128675975,100,0.3522122562128676,William Contreras,661388,0.3123291139240506,93
2026,2026-04-06 19:00:00 CDT,94,35.36372262128675975,100,0.3536372262128676,William Contreras,661388,0.3123291139240506,94
2026,2026-04-06 19:00:00 CDT,95,35.53272262128675975,100,0.3553272262128676,William Contreras,661388,0.3123291139240506,95
2026,2026-04-05 19:00:00 CDT,96,35.35972262128675975,100,0.3535972262128676,William Contreras,661388,0.3123291139240506,96
2026,2026-04-05 19:00:00 CDT,97,36.29412887128675997,100,0.3629412887128676,William Contreras,661388,0.3123291139240506,97
2026,2026-04-05 19:00:00 CDT,98,36.27712887128675997,100,0.3627712887128676,William Contreras,661388,0.3123291139240506,98
2026,2026-04-05 19:00:00 CDT,99,36.97712887128675997,100,0.3697712887128676,William Contreras,661388,0.3123291139240506,99
2026,2026-04-05 19:00:00 CDT,100,36.26867487128675997,100,0.3626867487128676,William Contreras,661388,0.3123291139240506,100
