player_id,thumb_url,name,player_url,jersey,position_group,bat_throw,height,weight,dob,status,is_minors,is_il,is_active_roster,is_40_man,slug
676879,https://img.mlbstatic.com/mlb-photos/image/upload/d_people:generic:headshot:silo:current.png/r_max/q_auto:best/v1/people/676879/headshot/silo/current,Aaron Ashby,/player/676879,26,Pitchers,R/L,"6' 0""",194,05/24/1998,ACTIVE,False,False,True,True,aaron-ashby
675660,https://img.mlbstatic.com/mlb-photos/image/upload/d_people:generic:headshot:silo:current.png/r_max/q_auto:best/v1/people/675660/headshot/silo/current,Shane Drohan,/player/675660,55,Pitchers,L/L,"6' 2""",202,01/07/1999,ACTIVE,False,False,True,True,shane-drohan
688107,https://img.mlbstatic.com/mlb-photos/image/upload/d_people:generic:headshot:silo:current.png/r_max/q_auto:best/v1/people/688107/headshot/silo/current,Robert Gasser,/player/688107,54,Pitchers,L/L,"6' 0""",197,05/31/1999,ACTIVE,False,False,True,True,robert-gasser
669084,https://img.mlbstatic.com/mlb-photos/image/upload/d_people:generic:headshot:silo:current.png/r_max/q_auto:best/v1/people/669084/headshot/silo/current,DL Hall,/player/669084,37,Pitchers,L/L,"6' 1""",209,09/19/1998,ACTIVE,False,False,True,True,dl-hall
690986,https://img.mlbstatic.com/mlb-photos/image/upload/d_people:generic:headshot:silo:current.png/r_max/q_auto:best/v1/people/690986/headshot/silo/current,Kyle Harrison,/player/690986,52,Pitchers,R/L,"6' 2""",216,08/12/2001,ACTIVE,False,False,True,True,kyle-harrison
701656,https://img.mlbstatic.com/mlb-photos/image/upload/d_people:generic:headshot:silo:current.png/r_max/q_auto:best/v1/people/701656/headshot/silo/current,Logan Henderson,/player/701656,43,Pitchers,R/R,"6' 0""",209,03/02/2002,ACTIVE,False,False,True,True,logan-henderson
669160,https://img.mlbstatic.com/mlb-photos/image/upload/d_people:generic:headshot:silo:current.png/r_max/q_auto:best/v1/people/669160/headshot/silo/current,Dustin May,/player/669160,21,Pitchers,R/R,"6' 6""",180,09/06/1997,ACTIVE,False,False,True,True,dustin-may
656730,https://img.mlbstatic.com/mlb-photos/image/upload/d_people:generic:headshot:silo:current.png/r_max/q_auto:best/v1/people/656730/headshot/silo/current,Trevor Megill,/player/656730,29,Pitchers,L/R,"6' 8""",253,12/05/1993,ACTIVE,False,False,True,True,trevor-megill
694819,https://img.mlbstatic.com/mlb-photos/image/upload/d_people:generic:headshot:silo:current.png/r_max/q_auto:best/v1/people/694819/headshot/silo/current,Jacob Misiorowski,/player/694819,32,Pitchers,R/R,"6' 7""",201,04/03/2002,ACTIVE,False,False,True,True,jacob-misiorowski
694477,https://img.mlbstatic.com/mlb-photos/image/upload/d_people:generic:headshot:silo:current.png/r_max/q_auto:best/v1/people/694477/headshot/silo/current,Chad Patrick,/player/694477,39,Pitchers,R/R,"6' 1""",217,08/14/1998,ACTIVE,False,False,True,True,chad-patrick
680689,https://img.mlbstatic.com/mlb-photos/image/upload/d_people:generic:headshot:silo:current.png/r_max/q_auto:best/v1/people/680689/headshot/silo/current,Lyon Richardson,/player/680689,48,Pitchers,S/R,"6' 2""",207,01/18/2000,ACTIVE,False,False,True,True,lyon-richardson
622608,https://img.mlbstatic.com/mlb-photos/image/upload/d_people:generic:headshot:silo:current.png/r_max/q_auto:best/v1/people/622608/headshot/silo/current,Antonio Senzatela,/player/622608,49,Pitchers,R/R,"6' 1""",235,01/21/1995,ACTIVE,False,False,True,True,antonio-senzatela
682842,https://img.mlbstatic.com/mlb-photos/image/upload/d_people:generic:headshot:silo:current.png/r_max/q_auto:best/v1/people/682842/headshot/silo/current,Abner Uribe,/player/682842,45,Pitchers,R/R,"6' 3""",205,06/20/2000,ACTIVE,False,False,True,True,abner-uribe
661388,https://img.mlbstatic.com/mlb-photos/image/upload/d_people:generic:headshot:silo:current.png/r_max/q_auto:best/v1/people/661388/headshot/silo/current,William Contreras,/player/661388,24,Catchers,R/R,"5' 10""",217,12/24/1997,ACTIVE,False,False,True,True,william-contreras
596142,https://img.mlbstatic.com/mlb-photos/image/upload/d_people:generic:headshot:silo:current.png/r_max/q_auto:best/v1/people/596142/headshot/silo/current,Gary Sánchez,/player/596142,99,Catchers,R/R,"6' 2""",251,12/02/1992,ACTIVE,False,False,True,True,gary-sanchez
641343,https://img.mlbstatic.com/mlb-photos/image/upload/d_people:generic:headshot:silo:current.png/r_max/q_auto:best/v1/people/641343/headshot/silo/current,Jake Bauers,/player/641343,9,Infielders,L/L,"6' 0""",216,10/06/1995,ACTIVE,False,False,True,True,jake-bauers
666152,https://img.mlbstatic.com/mlb-photos/image/upload/d_people:generic:headshot:silo:current.png/r_max/q_auto:best/v1/people/666152/headshot/silo/current,David Hamilton,/player/666152,6,Infielders,L/R,"5' 10""",192,09/29/1997,ACTIVE,False,False,True,True,david-hamilton
687401,https://img.mlbstatic.com/mlb-photos/image/upload/d_people:generic:headshot:silo:current.png/r_max/q_auto:best/v1/people/687401/headshot/silo/current,Joey Ortiz,/player/687401,3,Infielders,R/R,"5' 10""",192,07/14/1998,ACTIVE,False,False,True,True,joey-ortiz
668930,https://img.mlbstatic.com/mlb-photos/image/upload/d_people:generic:headshot:silo:current.png/r_max/q_auto:best/v1/people/668930/headshot/silo/current,Brice Turang,/player/668930,2,Infielders,L/R,"6' 0""",190,11/21/1999,ACTIVE,False,False,True,True,brice-turang
683734,https://img.mlbstatic.com/mlb-photos/image/upload/d_people:generic:headshot:silo:current.png/r_max/q_auto:best/v1/people/683734/headshot/silo/current,Andrew Vaughn,/player/683734,28,Infielders,R/R,"5' 10""",215,04/03/1998,ACTIVE,False,False,True,True,andrew-vaughn
678225,https://img.mlbstatic.com/mlb-photos/image/upload/d_people:generic:headshot:silo:current.png/r_max/q_auto:best/v1/people/678225/headshot/silo/current,Jihwan Bae,/player/678225,0,Outfielders,L/R,"5' 11""",185,07/26/1999,ACTIVE,False,False,True,True,jihwan-bae
694192,https://img.mlbstatic.com/mlb-photos/image/upload/d_people:generic:headshot:silo:current.png/r_max/q_auto:best/v1/people/694192/headshot/silo/current,Jackson Chourio,/player/694192,11,Outfielders,R/R,"6' 1""",199,03/11/2004,ACTIVE,False,False,True,True,jackson-chourio
800325,https://img.mlbstatic.com/mlb-photos/image/upload/d_people:generic:headshot:silo:current.png/r_max/q_auto:best/v1/people/800325/headshot/silo/current,Luis Lara,/player/800325,18,Outfielders,S/R,"5' 7""",169,11/17/2004,ACTIVE,False,False,True,True,luis-lara
663604,https://img.mlbstatic.com/mlb-photos/image/upload/d_people:generic:headshot:silo:current.png/r_max/q_auto:best/v1/people/663604/headshot/silo/current,Brandon Lockridge,/player/663604,20,Outfielders,R/R,"6' 0""",197,03/14/1997,ACTIVE,False,False,True,True,brandon-lockridge
669003,https://img.mlbstatic.com/mlb-photos/image/upload/d_people:generic:headshot:silo:current.png/r_max/q_auto:best/v1/people/669003/headshot/silo/current,Garrett Mitchell,/player/669003,5,Outfielders,L/R,"6' 2""",229,09/04/1998,ACTIVE,False,False,True,True,garrett-mitchell
592885,https://img.mlbstatic.com/mlb-photos/image/upload/d_people:generic:headshot:silo:current.png/r_max/q_auto:best/v1/people/592885/headshot/silo/current,Christian Yelich,/player/592885,22,Designated hitter,L/R,"6' 4""",220,12/05/1991,ACTIVE,False,False,True,True,christian-yelich
