date,transaction,players,player_ids
2026-10-08,Brewers recalled LHP Colton Gordon from Biloxi Shuckers.,['Colton Gordon'],[676467]
2026-10-03,RHP Garrett Stallings roster status changed by Brewers.,['Garrett Stallings'],[668831]
2026-10-03,C Bo Naylor roster status changed by Brewers.,['Bo Naylor'],[666310]
2026-10-03,RHP Bryse Wilson roster status changed by Brewers.,['Bryse Wilson'],[669060]
2026-10-02,Brewers activated 1B Andrew Vaughn from the 10-day injured list.,['Andrew Vaughn'],[683734]
2026-10-01,Brewers signed free agent RHP Orlando Noguera to a minor league contract.,['Orlando Noguera'],[844851]
2026-09-28,Brewers recalled LF Akil Baddoo from Nashville Sounds.,['Akil Baddoo'],[668731]
2026-09-28,Brewers recalled RHP Garrett Stallings from Nashville Sounds.,['Garrett Stallings'],[668831]
2026-09-28,Brewers recalled LHP Jared Koenig from Nashville Sounds.,['Jared Koenig'],[657649]
2026-09-28,Brewers recalled RHP Brandon Sproat from Nashville Sounds.,['Brandon Sproat'],[687075]
2026-09-28,Brewers recalled RHP Coleman Crow from Nashville Sounds.,['Coleman Crow'],[689441]
2026-09-28,Brewers recalled DH Tyler Black from Nashville Sounds.,['Tyler Black'],[672012]
2026-09-28,Brewers recalled C Jeferson Quero from Nashville Sounds.,['Jeferson Quero'],[691620]
2026-09-28,Brewers activated RHP Grant Anderson from the 15-day injured list.,['Grant Anderson'],[681982]
2026-09-28,RHP Lyon Richardson elected free agency.,['Lyon Richardson'],[680689]
2026-09-28,RHP Grant Anderson roster status changed by Brewers.,['Grant Anderson'],[681982]
2026-09-28,LHP Jared Koenig roster status changed by Brewers.,['Jared Koenig'],[657649]
2026-09-28,RHP Coleman Crow roster status changed by Brewers.,['Coleman Crow'],[689441]
2026-09-28,LF Akil Baddoo roster status changed by Brewers.,['Akil Baddoo'],[668731]
2026-09-28,RHP Brandon Sproat roster status changed by Brewers.,['Brandon Sproat'],[687075]
2026-09-25,Brewers activated RHP Bryse Wilson from the 15-day injured list.,['Bryse Wilson'],[669060]
2026-09-25,Brewers recalled LF Brandon Lockridge from Nashville Sounds.,['Brandon Lockridge'],[663604]
2026-09-25,"Brewers placed 1B Andrew Vaughn on the 10-day injured list retroactive to September 22, 2026. Illness.",['Andrew Vaughn'],[683734]
2026-09-25,LF Brandon Lockridge roster status changed by Brewers.,['Brandon Lockridge'],[663604]
2026-09-25,Brewers designated RHP Lyon Richardson for assignment.,['Lyon Richardson'],[680689]
2026-09-23,Brewers optioned LHP Colton Gordon to Biloxi Shuckers.,['Colton Gordon'],[676467]
2026-09-23,Brewers selected the contract of RHP Lyon Richardson from Nashville Sounds.,['Lyon Richardson'],[680689]
2026-09-19,Brewers sent LHP Rob Zastryzny outright to Nashville Sounds.,['Rob Zastryzny'],[642239]
2026-09-18,Brewers optioned RHP Garrett Stallings to Nashville Sounds.,['Garrett Stallings'],[668831]
2026-09-18,Brewers recalled LHP Colton Gordon from Nashville Sounds.,['Colton Gordon'],[676467]
2026-09-17,Brewers designated LHP Rob Zastryzny for assignment.,['Rob Zastryzny'],[642239]
2026-09-16,RF Luis Lara changed number to 18.,['Luis Lara'],[800325]
2026-09-16,Brewers sent RHP Grant Anderson on a rehab assignment to Nashville Sounds.,['Grant Anderson'],[681982]
2026-09-16,C Gary Sánchez changed number to 99.,['Gary Sánchez'],[596142]
2026-09-16,DH Christian Yelich changed number to 22.,['Christian Yelich'],[592885]
2026-09-16,RF Sal Frelick changed number to 10.,['Sal Frelick'],[686217]
2026-09-16,RHP Abner Uribe changed number to 45.,['Abner Uribe'],[682842]
2026-09-16,C William Contreras changed number to 24.,['William Contreras'],[661388]
2026-09-16,1B Andrew Vaughn changed number to 28.,['Andrew Vaughn'],[683734]
2026-09-16,LF Jackson Chourio changed number to 11.,['Jackson Chourio'],[694192]
2026-09-15,RF Sal Frelick changed number to 21.,['Sal Frelick'],[686217]
2026-09-15,RF Luis Lara changed number to 21.,['Luis Lara'],[800325]
2026-09-15,Brewers sent RHP Bryse Wilson on a rehab assignment to Nashville Sounds.,['Bryse Wilson'],[669060]
2026-09-15,1B Andrew Vaughn changed number to 21.,['Andrew Vaughn'],[683734]
2026-09-15,RHP Abner Uribe changed number to 21.,['Abner Uribe'],[682842]
2026-09-15,LF Jackson Chourio changed number to 21.,['Jackson Chourio'],[694192]
2026-09-15,C William Contreras changed number to 21.,['William Contreras'],[661388]
2026-09-15,DH Christian Yelich changed number to 21.,['Christian Yelich'],[592885]
2026-09-15,C Gary Sánchez changed number to 21.,['Gary Sánchez'],[596142]
2026-09-10,Brewers recalled RHP Garrett Stallings from Nashville Sounds.,['Garrett Stallings'],[668831]
2026-09-10,Brewers optioned RHP Brandon Sproat to Nashville Sounds.,['Brandon Sproat'],[687075]
2026-09-09,Brewers sent LHP Rob Zastryzny on a rehab assignment to Nashville Sounds.,['Rob Zastryzny'],[642239]
2026-09-07,Brewers recalled RHP Brandon Sproat from Nashville Sounds.,['Brandon Sproat'],[687075]
2026-09-07,Brewers placed RHP Grant Anderson on the 15-day injured list. Right biceps inflammation.,['Grant Anderson'],[681982]
2026-09-04,Brewers signed free agent LHP Ben Moore to a minor league contract.,['Ben Moore'],[832560]
2026-09-04,San Francisco Giants claimed RHP Joel Kuhnel off waivers from Brewers.,['Joel Kuhnel'],[669270]
2026-09-02,Brewers designated RHP Joel Kuhnel for assignment.,['Joel Kuhnel'],[669270]
2026-09-01,Brewers activated LHP JoJo Romero from the 15-day injured list.,['JoJo Romero'],[668941]
2026-09-01,Brewers recalled C Bo Naylor from Nashville Sounds.,['Bo Naylor'],[666310]
2026-08-31,Brewers signed free agent SS Jonathan Ornelas to a minor league contract.,['Jonathan Ornelas'],[680716]
2026-08-31,Brewers activated RHP Abner Uribe from the 15-day injured list.,['Abner Uribe'],[682842]
2026-08-31,Brewers placed RHP Bryse Wilson on the 15-day injured list. Low back strain.,['Bryse Wilson'],[669060]
2026-08-28,Brewers sent SS Jonathan Ornelas outright to Nashville Sounds.,['Jonathan Ornelas'],[680716]
2026-08-26,Brewers signed free agent RHP Nate Mueller to a minor league contract.,['Nate Mueller'],[844689]
2026-08-25,Brewers activated RF Sal Frelick from the 10-day injured list.,['Sal Frelick'],[686217]
2026-08-25,Brewers designated SS Jonathan Ornelas for assignment.,['Jonathan Ornelas'],[680716]
2026-08-25,Brewers sent RHP Abner Uribe on a rehab assignment to Wisconsin Timber Rattlers.,['Abner Uribe'],[682842]
2026-08-25,Brewers sent LHP JoJo Romero on a rehab assignment to Wisconsin Timber Rattlers.,['JoJo Romero'],[668941]
2026-08-24,Brewers optioned C Bo Naylor to Nashville Sounds.,['Bo Naylor'],[666310]
2026-08-23,Brewers recalled C Bo Naylor from Nashville Sounds.,['Bo Naylor'],[666310]
2026-08-19,Brewers optioned LF Brandon Lockridge to Nashville Sounds.,['Brandon Lockridge'],[663604]
2026-08-19,Brewers activated SS Cooper Pratt from the 10-day injured list.,['Cooper Pratt'],[806198]
2026-08-19,Brewers sent CF Jihwan Bae outright to Nashville Sounds.,['Jihwan Bae'],[678225]
2026-08-18,Brewers sent SS Cooper Pratt on a rehab assignment to Wisconsin Timber Rattlers.,['Cooper Pratt'],[806198]
2026-08-16,Brewers signed free agent OF Heeju Shin to a minor league contract.,['Heeju Shin'],[844488]
2026-08-15,Athletics traded SS Jonathan Ornelas to Brewers for cash.,['Jonathan Ornelas'],[680716]
2026-08-15,Brewers designated CF Jihwan Bae for assignment.,['Jihwan Bae'],[678225]
2026-08-14,"Brewers placed RHP Abner Uribe on the 15-day injured list retroactive to August 11, 2026. Right forearm flexor strain.",['Abner Uribe'],[682842]
2026-08-14,Brewers signed free agent RHP Lyon Richardson to a minor league contract.,['Lyon Richardson'],[680689]
2026-08-14,Brewers recalled RHP Grant Anderson from Nashville Sounds.,['Grant Anderson'],[681982]
2026-08-13,Brewers sent RHP Lyon Richardson outright to Nashville Sounds.,['Lyon Richardson'],[680689]
2026-08-11,Brewers signed free agent RHP Bryse Wilson.,['Bryse Wilson'],[669060]
2026-08-11,Athletics claimed LHP Drew Rom off waivers from Brewers.,['Drew Rom'],[680723]
2026-08-11,Brewers designated RHP Lyon Richardson for assignment.,['Lyon Richardson'],[680689]
2026-08-10,Brewers sent RHP Bryse Wilson outright to Nashville Sounds.,['Bryse Wilson'],[669060]
2026-08-09,Brewers signed free agent CF JiHwan Bae to a minor league contract.,['JiHwan Bae'],[None]
2026-08-09,Brewers designated LHP Drew Rom for assignment.,['Drew Rom'],[680723]
2026-08-09,Brewers placed SS Cooper Pratt on the 10-day injured list. Right hamstring strain.,['Cooper Pratt'],[806198]
2026-08-09,Brewers selected the contract of CF Ji Hwan Bae from Nashville Sounds.,['Ji Hwan Bae'],[None]
2026-08-08,Brewers sent RF Sal Frelick on a rehab assignment to Nashville Sounds.,['Sal Frelick'],[686217]
2026-08-08,Brewers designated RHP Bryse Wilson for assignment.,['Bryse Wilson'],[669060]
2026-08-08,Brewers selected the contract of RHP Lyon Richardson from Nashville Sounds.,['Lyon Richardson'],[680689]
2026-08-06,Brewers sent RHP Carlos Rodriguez outright to Nashville Sounds.,['Carlos Rodriguez'],[692230]
2026-08-06,Brewers sent LHP Thomas Pannone outright to Nashville Sounds.,['Thomas Pannone'],[623381]
2026-08-05,Brewers optioned RHP Grant Anderson to Nashville Sounds.,['Grant Anderson'],[681982]
2026-08-05,Brewers activated LHP Kyle Harrison from the 15-day injured list.,['Kyle Harrison'],[690986]
2026-08-04,Brewers activated RHP Dustin May.,['Dustin May'],[669160]
2026-08-04,Brewers optioned RHP Garrett Stallings to Nashville Sounds.,['Garrett Stallings'],[668831]
2026-08-04,Brewers activated RHP Antonio Senzatela.,['Antonio Senzatela'],[622608]
2026-08-04,Brewers optioned RHP Brandon Sproat to Nashville Sounds.,['Brandon Sproat'],[687075]
